,Country,2016.Suicide_male,2017.Suicide_male,2018.Suicide_male,2019.Suicide_male,2016.Suicide_female,2017.Suicide_female,2018.Suicide_female,2019.Suicide_female,2016.Suicide_all,2017.Suicide_all,2018.Suicide_all,2019.Suicide_all,2016.UP_male,2017.UP_male,2018.UP_male,2019.UP_male,2016.UP_female,2017.UP_female,2018.UP_female,2019.UP_female,2016.UP_all,2017.UP_all,2018.UP_all,2019.UP_all,2020.UP_all,2016.literacy_male,2017.literacy_male,2018.literacy_male,2019.literacy_male,2020.literacy_male,2016.literacy_female,2017.literacy_female,2018.literacy_female,2019.literacy_female,2020.literacy_female,2016.literacy_all,2017.literacy_all,2018.literacy_all,2019.literacy_all,2020.literacy_all,2016.growth,2017.growth,2018.growth,2019.growth,2020.growth,2016.GDP,2017.GDP,2018.GDP,2019.GDP,Happiness 2016,Happiness 2017,Happiness 2018,Happiness 2019,Happiness 2020
1,Aruba,NA,NA,NA,NA,NA,NA,NA,NA,NA,NA,NA,NA,NA,NA,NA,NA,NA,NA,NA,NA,NA,NA,NA,NA,NA,NA,NA,99.59999847,NA,NA,NA,NA,97.81268311,NA,NA,NA,NA,97.80741882,NA,NA,2.099999586,1.999999104,NA,NA,NA,3917952211,4050523376,NA,NA,NA,NA,NA,NA,NA
3,Afghanistan,4.4,4.6,4.6,4.6,3.6,3.4,3.5,3.6,4,4.1,4.1,4.1,10.57,10.42,10.29,10.19,14.33,14.09,13.92,13.81,11.31,11.18,11.06,10.98,11.73,NA,NA,NA,NA,NA,NA,NA,NA,NA,NA,NA,NA,NA,NA,NA,2.260314201,2.647003202,1.189228128,3.911603419,-1.934778249,70097956090,74711922905,77415569871,81879802966,3.656834,3.6726887,3.6885434,3.7043981,3.7202528
5,Angola,10,9.7,9.8,10,2.6,2.4,2.3,2.3,6.2,6,6,6.1,6.9,6.78,6.72,6.63,7.5,7.41,7.28,7.22,7.2,7.1,7,6.93,7.7,NA,NA,NA,NA,NA,NA,NA,NA,NA,NA,NA,NA,NA,NA,NA,-2.580049644,-0.147212941,-2.003629727,-0.624644318,-4.04051,2.04875E+11,2.17987E+11,2.18749E+11,2.19774E+11,4.323945,4.3836384,4.4433318,4.5030252,4.5627186
6,Albania,6.3,6.3,6.2,5.9,3.1,2.9,2.8,2.7,4.7,4.7,4.5,4.3,16.12,14.41,12.62,11.58,14.45,12.48,11.87,11.31,15.42,13.62,12.3,11.47,11.7,NA,NA,99.05000305,NA,NA,NA,NA,97.76112366,NA,NA,NA,NA,98.14115143,NA,NA,3.314804753,3.802197488,4.071301295,2.173692288,-3.311239444,34739850854,36696847617,38829309990,40598221872,4.2584705,4.0137401,3.7690097,3.5242793,3.2795489
7,Andorra,NA,NA,NA,NA,NA,NA,NA,NA,NA,NA,NA,NA,NA,NA,NA,NA,NA,NA,NA,NA,NA,NA,NA,NA,NA,NA,NA,NA,NA,NA,NA,NA,NA,NA,NA,NA,NA,NA,NA,NA,3.70967807,0.34607189,1.58876549,2.015547638,-11.95605842,NA,NA,NA,NA,NA,NA,NA,NA,NA
9,United Arab Emirates,7.3,6.8,7.4,8,2.9,2.8,2.9,3,6,5.6,6,6.4,1.12,1.48,1.39,1.42,4.2,7.14,6.19,6.33,1.64,2.46,2.23,2.28,5,NA,NA,NA,97.48996735,NA,NA,NA,NA,96.86031342,NA,NA,NA,NA,97.55692291,NA,3.060964308,2.37353671,1.189855638,1.677720373,NA,5.98811E+11,6.37385E+11,6.60454E+11,6.83523E+11,6.229442,6.0265217,5.8236014,5.6206811,5.4177608
10,Argentina,13.7,14.5,15.1,13.7,3.1,3.5,3.6,3.3,8.3,8.9,9.2,8.4,7.12,7.53,8.23,9.19,9.14,9.46,10.54,10.7,7.97,8.35,9.22,9.84,11.67,99.38448334,NA,99.24182892,NA,NA,99.14309692,NA,99.06204224,NA,NA,99.12500763,NA,99.0038681,NA,NA,-2.080327844,2.818502978,-2.565351882,-2.088014861,-9.905234856,8.85228E+11,1.03933E+12,1.03698E+12,1.03345E+12,6.7984945,6.8760031,6.9535117,7.0310203,7.1085289
11,Armenia,9.2,5.5,3.4,5.6,2.6,0.7,0.9,1.3,5.7,3,2.1,3.3,17.73,17.91,17.83,17.65,17.48,17.47,20.4,20.27,17.62,17.71,18.97,18.81,20.21,NA,99.82128143,NA,NA,99.85205841,NA,99.67716217,NA,NA,99.74450684,NA,99.73606873,NA,NA,99.78861237,0.2,7.500000002,5.2,7.599999999,-7.6,31429192104,35676528915,38432837650,42091960117,4.4150055,4.4411771,4.4673487,4.4935203,4.5196919
12,American Samoa,NA,NA,NA,NA,NA,NA,NA,NA,NA,NA,NA,NA,NA,NA,NA,NA,NA,NA,NA,NA,NA,NA,NA,NA,NA,NA,NA,NA,NA,NA,NA,NA,NA,NA,NA,NA,NA,NA,NA,NA,-1.679389313,-6.98757764,3.338898164,-1.453957997,NA,NA,NA,NA,NA,NA,NA,NA,NA,NA
13,Antigua and Barbuda,0,0,0,0,1,0,0.7,0.8,0.5,0,0.4,0.4,NA,NA,NA,NA,NA,NA,NA,NA,NA,NA,NA,NA,NA,NA,NA,NA,NA,NA,NA,NA,NA,NA,NA,NA,NA,NA,NA,NA,5.497788456,3.144598617,6.950416555,3.351160885,-15.97350964,1882863522,1893259104,2073464728,2181204770,NA,NA,NA,NA,NA
14,Australia,18,19.5,18.7,18.6,6.4,6.9,6.2,6.4,12.2,13.1,12.4,12.5,5.65,5.53,5.28,5.21,5.78,5.67,5.32,5.11,5.71,5.59,5.3,5.16,6.61,NA,NA,NA,NA,NA,NA,NA,NA,NA,NA,NA,NA,NA,NA,NA,2.770652197,2.300610624,2.949285772,2.160956295,-0.284839298,1.1452E+12,1.19276E+12,1.25545E+12,1.32417E+12,7.355543,7.3820236,7.4085042,7.4349848,7.4614654
15,Austria,23.6,24.5,24.9,22.8,7.7,6.6,6.9,6.7,15.5,15.4,15.7,14.6,6.43,5.91,5.02,4.61,5.54,5.03,4.65,4.35,6.01,5.5,4.85,4.49,5.77,NA,NA,NA,NA,NA,NA,NA,NA,NA,NA,NA,NA,NA,NA,NA,1.989437162,2.399587603,2.580120733,1.418734272,-6.259034819,4.60283E+11,4.76564E+11,5.04355E+11,5.20804E+11,6.8511025,6.6989496,6.5467967,6.3946438,6.2424909
16,Azerbaijan,6.4,6.4,6.5,6.6,1.6,1.6,1.6,1.6,4,4,4,4.1,4.14,4.12,4.08,4.01,5.91,5.93,5.77,5.73,5,5,4.9,4.84,6.27,99.96237946,99.96064758,NA,99.95867157,NA,99.71955109,99.72199249,NA,99.72675323,NA,99.79006195,99.79122925,NA,99.79598236,NA,-3.063598454,0.153614647,1.500401707,2.480151591,-4.309989133,1.4023E+11,1.39153E+11,1.44632E+11,1.50468E+11,5.317154,5.3649901,5.4128262,5.4606623,5.5084984
17,Burundi,9.2,9.3,9.3,9.2,3.6,3.5,3.4,3.4,6.4,6.4,6.3,6.2,1.99,1.96,1.92,1.9,1.1,1.05,1,0.98,1.53,1.48,1.45,1.42,0.8,NA,91.03414917,NA,NA,NA,NA,61.22369003,NA,NA,NA,NA,68.37532806,NA,NA,NA,-0.600020001,0.500009999,1.609933082,1.842476677,0.297577119,8358351140,8375481077,8714651910,9033653418,NA,NA,NA,NA,NA
18,Belgium,27.1,26.1,25.6,24.9,11.7,11.9,11.9,11.8,19.3,18.9,18.7,18.3,8.06,7.11,6.28,5.73,7.56,7.05,5.56,4.93,7.83,7.09,5.95,5.36,6.01,NA,NA,NA,NA,NA,NA,NA,NA,NA,NA,NA,NA,NA,NA,NA,1.266686409,1.621547198,1.787920078,1.784694379,-6.283929951,5.50678E+11,5.73713E+11,6.01842E+11,6.28371E+11,6.8643225,6.8302184,6.7961143,6.7620102,6.7279061
19,Benin,12.1,12,12,11.8,4,3.9,3.9,3.8,8,8,7.9,7.8,2.31,2.24,2.2,2.17,2.74,2.65,2.55,2.48,2.52,2.44,2.37,2.32,2.54,NA,NA,69.76117706,NA,NA,NA,NA,31.07164955,NA,NA,NA,NA,42.36240005,NA,NA,3.339673426,5.671555469,6.697259461,6.865687336,3.8487924,32668486802,34023063768,37173273025,40434633628,3.701639,3.8177981,3.9339572,4.0501163,4.1662754
20,Burkina Faso,11.8,11.6,11.6,11.3,3.9,3.8,3.7,3.7,7.8,7.7,7.6,7.5,4.55,4.68,4.75,4.69,6.9,5.7,4.63,4.54,5.6,5.13,4.7,4.62,4.96,NA,NA,63.86194992,NA,NA,NA,NA,31.04408073,NA,NA,NA,NA,39.3458519,NA,NA,5.957976708,6.203489411,6.731235608,5.699434934,2.022384695,35340335155,39238401912,42885153230,46138562484,4.1821,4.3368164,4.4915328,4.6462492,4.8009656
21,Bangladesh,5.1,5.3,5.5,5.7,1.7,1.6,1.6,1.7,3.4,3.5,3.6,3.7,3.13,3.35,3.26,3.2,7.38,6.75,6.65,6.55,4.35,4.37,4.29,4.22,5.3,90.90534973,91.54129028,91.80371857,93.70469666,93.16416931,69.89720917,70.08570099,71.18193817,71.94838715,72.00478363,72.7587204,72.89296722,73.91220093,74.6844635,74.9088974,7.113478213,7.284174423,7.86374303,8.152684947,2.375521656,6.08047E+11,6.64404E+11,7.33857E+11,8.07855E+11,4.5890345,4.5592839,4.5295333,4.4997827,4.4700321
22,Bulgaria,15.1,16.1,15.4,15.3,4.5,4.8,4.3,4.4,9.7,10.3,9.7,9.7,8.1,6.35,5.69,4.54,6.97,5.95,4.65,3.87,7.58,6.16,5.21,4.23,5.71,NA,NA,NA,NA,NA,NA,NA,NA,NA,NA,NA,NA,NA,NA,NA,3.82043453,3.50275153,3.092447654,3.69430838,-4.15370283,1.42696E+11,1.51335E+11,1.60953E+11,1.71459E+11,4.9734725,5.2109456,5.4484187,5.6858918,5.9233649
23,Bahrain,10.9,11.4,12.1,12.5,2.4,2.4,2.4,2.4,7.7,8.1,8.6,8.9,0.59,0.62,0.69,0.75,4.25,4.55,4.68,4.76,1.38,1.44,1.51,1.56,4.09,NA,NA,NA,NA,NA,NA,NA,NA,NA,NA,NA,NA,NA,NA,NA,3.558128119,4.290949778,1.720972887,1.98971355,-5.814683428,63831285346,71282082008,74249750562,77278383409,6.5763485,6.8179472,7.0595459,7.3011446,7.5427433
24,"Bahamas, The",6.2,5.9,6,5.9,1.1,1.1,1.2,1.3,3.6,3.4,3.5,3.5,11.07,8.34,10.05,10.09,14.46,11.37,9.95,10.12,12.7,9.8,10,10.11,14.41,NA,NA,NA,NA,NA,NA,NA,NA,NA,NA,NA,NA,NA,NA,NA,1.444036489,3.115613515,3.025999168,1.217873857,-16.27773826,12907953054,13856896226,14618974796,15061164617,NA,NA,NA,NA,NA
25,Bosnia and Herzegovina,16.8,16.8,17.3,17.6,4.5,4.5,4.5,4.5,10.5,10.5,10.8,10.9,22.48,18.84,17.18,13.62,29.98,23.1,20.29,18.73,25.41,20.53,18.4,15.69,16.85,NA,NA,NA,NA,NA,NA,NA,NA,NA,NA,NA,NA,NA,NA,NA,3.149806916,3.171434875,3.740071092,2.831002603,-4.327345806,44265677702,46096435759,49582365426,52212222488,5.3550825,5.4708214,5.5865603,5.7022992,5.8180381
26,Belarus,42.3,40.6,39.7,36.7,8.4,8.2,8.1,7.7,24.2,23.3,22.8,21.2,7.47,7.23,5.92,5.88,4.19,4.04,3.55,3.5,5.84,5.65,4.76,4.71,5.28,NA,NA,NA,99.84712982,NA,NA,NA,NA,99.87651062,NA,NA,NA,NA,99.87400055,NA,-2.526446436,2.5321835,3.149197594,1.4,-0.9,1.68422E+11,1.7363E+11,1.83398E+11,1.85379E+11,5.750587,5.73514,5.719693,5.704246,5.688799
27,Belize,10.3,12.5,11.5,12.5,1.4,1.5,1.5,1.7,5.8,7,6.5,7.1,4.39,4.59,4.48,4.43,11.12,9.8,9.74,9.66,7,6.6,6.52,6.46,7.82,NA,NA,NA,NA,NA,NA,NA,NA,NA,NA,NA,NA,NA,NA,NA,-0.032010557,1.812936351,2.908565072,1.76082496,-14.03842116,2644913918,2671291731,2782142048,2797359276,NA,NA,NA,NA,NA
28,Bermuda,NA,NA,NA,NA,NA,NA,NA,NA,NA,NA,NA,NA,NA,NA,NA,NA,NA,NA,NA,NA,NA,NA,NA,NA,NA,NA,NA,NA,NA,NA,NA,NA,NA,NA,NA,NA,NA,NA,NA,NA,-0.657206304,3.611419837,-0.4328013,0.459889943,NA,4929475867,5227044137,5329378597,5449462885,NA,NA,NA,NA,NA
29,Bolivia,8.8,8.5,8.4,8.4,4.5,4.3,4.2,4.1,6.6,6.4,6.3,6.2,3.1,3.35,3.45,3.39,4.04,4.06,3.61,3.54,3.5,3.66,3.52,3.46,5.61,NA,NA,NA,NA,NA,NA,NA,NA,NA,NA,NA,NA,NA,NA,NA,4.263920864,4.195206334,4.223623653,2.21670564,-7.82328995,82736157918,94285208488,1.00627E+11,1.04694E+11,5.757281,5.7116482,5.6660154,5.6203826,5.5747498
30,Brazil,9.4,10.3,10.9,10.9,2.7,3,3.1,3,6,6.6,7,6.9,10.21,11.37,10.87,10.2,13.46,14.72,14.23,14.14,11.6,12.82,12.33,11.93,13.67,98.77935791,98.84127808,98.98358154,NA,NA,93.02120209,93.24371338,93.42507172,NA,NA,92.80844116,93.07582092,93.22750092,NA,NA,-3.275916908,1.322869055,1.783666761,1.411152985,-4.059048273,2.93909E+12,3.01772E+12,3.09468E+12,3.18187E+12,6.7073945,6.657534,6.6076735,6.557813,6.5079525
31,Barbados,1,0.9,0.9,0.9,0.3,0.3,0.3,0.3,0.6,0.6,0.6,0.6,9.35,9.54,9.8,9.87,10.1,10.19,10.21,10.35,9.72,9.86,10,10.1,12.79,NA,NA,NA,NA,NA,NA,NA,NA,NA,NA,NA,NA,NA,NA,NA,2.478698683,0.475110679,-0.580333154,-0.096135553,-17.6053641,4559037886,4519281463,4600931966,4678563483,NA,NA,NA,NA,NA
32,Brunei Darussalam,4.4,5.6,5.3,4.4,0.5,0.8,0.8,0.8,2.6,3.3,3.1,2.7,7.87,8.82,7.71,5.96,9.28,9.99,10.06,8.27,8.47,9.32,8.7,6.92,8.37,NA,NA,99.63516235,NA,NA,NA,NA,96.3012619,NA,NA,NA,NA,97.21411133,NA,NA,-2.477917718,1.328602552,0.052237791,3.869109803,1.203001939,23633069099,25891019750,26526507871,28044707705,NA,NA,NA,NA,NA
33,Bhutan,6.2,6.3,6.3,6.3,2.6,2.7,2.7,2.7,4.5,4.6,4.6,4.6,1.84,1.8,1.78,1.75,3.24,3.15,3.06,3.02,2.42,2.36,2.3,2.27,3.74,NA,93.27015686,NA,NA,NA,NA,57.08361816,NA,NA,NA,NA,66.5611496,NA,NA,NA,8.127033538,4.651834675,3.055129837,5.46452256,-6.772101611,7703914682,8307416844,8766772471,9410886892,NA,NA,NA,NA,NA
34,Botswana,28.5,28.1,28.3,26.3,7.8,7.5,7.3,6.4,17.8,17.4,17.4,16.1,14.48,14.37,14.18,14.05,20.92,20.71,20.61,20.51,17.62,17.46,17.32,17.21,17.7,NA,NA,NA,NA,NA,NA,NA,NA,NA,NA,NA,NA,NA,NA,NA,4.303767448,2.903997732,4.478836553,3.025910054,-7.893053589,37281291597,38045692207,40704079284,42633531419,3.359594,3.0276916,2.6957892,2.3638868,2.0319844
35,Central African Republic,22.2,23.4,20.4,19.6,5.4,5.4,5.3,5.2,13.7,14.3,12.8,12.3,4.12,4.04,3.96,3.89,4.41,4.33,4.26,4.21,4.25,4.17,4.09,4.04,4.33,NA,NA,47.80493164,NA,NA,NA,NA,25.75638008,NA,NA,NA,NA,37.39582062,NA,NA,4.750316841,4.527278213,3.789443593,3,0,3861897992,4195263791,4458785449,4674532971,NA,NA,NA,NA,NA
36,Canada,17.6,19.8,17.9,17.6,6.2,6.4,6.2,6.1,11.9,13,12,11.8,7.68,6.78,6.14,6.03,6.24,5.85,5.49,5.25,7,6.34,5.83,5.66,9.48,NA,NA,NA,NA,NA,NA,NA,NA,NA,NA,NA,NA,NA,NA,NA,1.001394414,3.039880225,2.429547545,1.861415379,-5.312944743,1.67809E+12,1.76615E+12,1.85605E+12,1.89887E+12,7.35733,7.3276651,7.2980002,7.2683353,7.2386704
38,Switzerland,19.8,20.5,20.1,20.2,8.4,8.9,9,9,14.1,14.6,14.5,14.5,4.84,4.57,4.37,4.12,5.01,5.06,5.11,4.71,4.92,4.8,4.71,4.39,4.94,NA,NA,NA,NA,NA,NA,NA,NA,NA,NA,NA,NA,NA,NA,NA,2.045186469,1.584819616,2.916905098,1.210992207,-2.392826042,5.50353E+11,5.63717E+11,5.85015E+11,6.02641E+11,7.4304345,7.3750922,7.3197499,7.2644076,7.2090653
39,Channel Islands,NA,NA,NA,NA,NA,NA,NA,NA,NA,NA,NA,NA,6.6,6.72,6.87,6.96,6.92,7.06,7.19,7.3,6.74,6.87,7.01,7.11,8.16,NA,NA,NA,NA,NA,NA,NA,NA,NA,NA,NA,NA,NA,NA,NA,NA,NA,NA,NA,NA,NA,NA,NA,NA,NA,NA,NA,NA,NA
40,Chile,16.8,15.5,14.6,14.9,3.4,3.2,3.2,3.2,10,9.3,8.8,9,6.37,6.6,6.69,6.76,7.26,7.46,7.98,8.01,6.74,6.96,7.23,7.29,11.51,NA,99.00582123,NA,NA,NA,NA,96.33402252,NA,NA,NA,NA,96.40228271,NA,NA,NA,1.711089289,1.184544707,3.713859177,0.942005307,-5.771501669,4.26777E+11,4.52001E+11,4.64438E+11,4.97441E+11,6.6553045,6.6457992,6.6362939,6.6267886,6.6172833
41,China,9.9,9.9,9.9,9.8,6.3,6.3,6.3,6.2,8.2,8.1,8.1,8.1,4.97,4.86,4.75,5.08,3.9,3.81,3.72,3.98,4.5,4.4,4.3,4.6,5,NA,NA,99.78379059,NA,NA,NA,NA,95.15933228,NA,NA,NA,NA,96.84088898,NA,NA,6.848762205,6.947200793,6.749773832,5.949714233,2.3,1.87121E+13,1.9887E+13,2.17391E+13,2.3547E+13,5.354229,5.4123702,5.4705114,5.5286526,5.5867938
42,Cote d'Ivoire,15.9,15.4,15,14.9,3.1,2.9,2.8,2.8,9.6,9.2,9,8.9,2.09,2.87,2.81,2.76,3.38,3.87,3.81,3.76,2.6,3.27,3.21,3.17,3.5,NA,NA,NA,92.82019043,NA,NA,NA,NA,86.74124908,NA,NA,NA,NA,89.89341736,NA,7.179207824,7.359638088,6.89028432,6.231709513,1.816441461,1.1261E+11,1.18051E+11,1.29215E+11,1.39718E+11,NA,NA,NA,NA,NA
43,Cameroon,13.9,13.7,13.5,13.6,4.5,4.3,4.3,4.4,9.2,9,8.9,9,3.04,3,2.94,2.9,3.96,3.87,3.83,3.78,3.47,3.41,3.36,3.32,3.62,NA,NA,87.72000122,NA,NA,NA,NA,71.58627319,NA,NA,NA,NA,77.07103729,NA,NA,4.648481551,3.549087318,4.06248684,3.720711423,0.730339198,81471243201,87320624933,93049737681,98234732672,5.0358685,5.2708081,5.5057477,5.7406873,5.9756269
44,"Congo, Dem. Rep.",10.3,10.3,10.7,10.6,2.8,2.7,2.8,2.8,6.5,6.5,6.7,6.7,5.17,5.09,5.01,4.96,3.47,3.38,3.3,3.24,4.35,4.26,4.18,4.13,4.55,90.96096802,NA,NA,NA,NA,66.49997711,NA,NA,NA,NA,77.04267883,NA,NA,NA,NA,2.399379098,3.726947653,5.8211211,4.384528881,0.773457032,75926663565,86267287184,93480842341,99321479474,3.7902785,3.5610153,3.3317521,3.1024889,2.8732257
45,"Congo, Rep.",9.5,9.3,9.3,9.5,4,3.9,3.6,3.5,6.7,6.6,6.5,6.5,9.16,9.21,9.12,8.98,10.57,10.31,10.22,10.24,9.85,9.75,9.66,9.6,10.27,NA,NA,85.34165192,NA,NA,NA,NA,74.61875916,NA,NA,NA,NA,80.29875946,NA,NA,-10.70209626,-4.373500998,-4.846001061,0.232123661,-7.948712902,19344097903,21844655234,20931076731,20827055000,4.7591655,5.0007181,5.2422707,5.4838233,5.7253759
46,Colombia,6.9,7.6,6.4,6.1,1.6,1.9,1.7,1.8,4.2,4.7,4,3.9,6.78,6.87,7.09,7.88,11.2,11.51,11.79,12.76,8.69,8.87,9.11,9.96,15.44,98.31204224,NA,98.63382721,98.49855042,98.72786713,94.89022064,NA,95.31891632,95.46903229,95.87506104,94.65384674,NA,95.09250641,95.24926758,95.63632965,2.087382502,1.359360868,2.564324283,3.281116805,-6.847314206,6.65398E+11,6.93117E+11,7.36866E+11,7.86809E+11,6.4245265,6.4125579,6.4005893,6.3886207,6.3766521
47,Comoros,7.1,7,6.9,7,3.9,3.8,3.8,3.8,5.5,5.4,5.4,5.4,6.6,6.51,6.42,6.29,10.42,10.22,10.05,10.02,8.01,7.89,7.78,7.7,8.43,NA,NA,78.2394104,NA,NA,NA,NA,52.95639038,NA,NA,NA,NA,58.81702042,NA,NA,3.320680025,3.815702113,3.430764136,1.986109505,4.910777475,2278472094,2467927827,2613883973,2713387115,7.6341465,8.3479499,9.0617533,9.7755567,10.4893601
48,Cabo Verde,23.9,23.7,22.2,21.3,4.7,4.6,4.5,4.5,14.4,14.2,13.4,12.9,11.69,11.83,12.66,12.55,12.64,12.77,11.55,11.46,12.1,12.24,12.17,12.07,13.41,NA,NA,NA,NA,NA,NA,NA,NA,NA,NA,NA,NA,NA,NA,NA,4.705791509,3.702039188,4.531161684,5.66775246,-14.78340501,3358352136,3570702548,3822113399,4110838977,NA,NA,NA,NA,NA
49,Costa Rica,13,9.9,12.2,14.1,2.3,2.3,2.2,2,7.7,6.1,7.2,8.1,7.22,6.82,8,9.13,10.84,10.29,12.19,14.96,8.6,8.14,9.63,11.49,17.08,NA,NA,99.33999634,NA,NA,NA,NA,97.92443085,NA,NA,NA,NA,97.86379242,NA,NA,4.204323252,4.157698963,2.05620273,2.167951807,-4.539965917,90772520275,97331409642,1.0196E+11,1.06301E+11,6.841422,6.7248568,6.6082916,6.4917264,6.3751612
50,Caribbean small states,15.06506358,15.22531677,15.39117881,15.56038468,4.100614595,4.087939735,4.1011782,4.164680893,9.535746439,9.634464462,9.72597573,9.826282871,8.424205735,7.791139175,7.211006255,6.710728848,13.50229833,12.33912733,10.69415412,9.705219789,10.65267611,9.791035467,8.743085317,8.031633323,9.798045914,NA,NA,NA,NA,NA,NA,NA,NA,NA,NA,NA,NA,NA,NA,NA,-1.053363445,0.294998838,1.911361141,0.667680198,-8.132554825,1.09373E+11,1.14204E+11,1.18939E+11,1.24731E+11,NA,NA,NA,NA,NA
51,Cuba,21.4,22.9,22.7,23,5.4,6.3,5.9,6,13.4,14.5,14.3,14.5,1.88,1.74,1.62,1.59,2.18,1.64,1.82,1.8,2,1.7,1.7,1.67,3.87,NA,NA,NA,NA,NA,NA,NA,NA,NA,NA,NA,NA,NA,NA,NA,0.513761468,1.809054399,2.248480393,-0.217448488,NA,NA,NA,NA,NA,NA,NA,NA,NA,NA
52,Curacao,NA,NA,NA,NA,NA,NA,NA,NA,NA,NA,NA,NA,NA,NA,NA,NA,NA,NA,NA,NA,NA,NA,NA,NA,NA,NA,NA,NA,NA,NA,NA,NA,NA,NA,NA,NA,NA,NA,NA,NA,-0.986569701,-1.73976542,-2.166131078,-3.4,NA,3961008963,4080536557,4087997477,4019501296,NA,NA,NA,NA,NA
53,Cayman Islands,NA,NA,NA,NA,NA,NA,NA,NA,NA,NA,NA,NA,NA,NA,NA,NA,NA,NA,NA,NA,NA,NA,NA,NA,NA,NA,NA,NA,NA,NA,NA,NA,NA,NA,NA,NA,NA,NA,NA,NA,3.239976888,3.184043376,4.19434091,3.817100404,NA,4169236841,4409643996,4712631230,NA,NA,NA,NA,NA,NA
54,Cyprus,8,6.4,6.6,6,1.2,1,1.8,1.3,4.6,3.7,4.2,3.6,12.62,10.87,8.04,6.28,13.33,11.27,8.76,8.01,12.95,11.05,8.37,7.07,7.21,NA,NA,NA,NA,NA,NA,NA,NA,NA,NA,NA,NA,NA,NA,NA,6.438058481,5.154777146,5.240747828,3.075791962,-5.103479519,30416963880,32705435190,35217208449,36613615003,5.1624695,4.9588829,4.7552963,4.5517097,4.3481231
55,Czech Republic,21.2,22.4,22.3,19.8,5,5.7,5.1,4.8,13,13.9,13.6,12.2,3.38,2.34,1.79,1.72,4.67,3.58,2.8,2.38,3.95,2.89,2.24,2.01,2.94,NA,NA,NA,NA,NA,NA,NA,NA,NA,NA,NA,NA,NA,NA,NA,2.53728452,5.168724304,3.198656101,3.029478257,-5.793571284,3.8142E+11,4.11328E+11,4.3718E+11,4.58939E+11,6.6828075,6.7435753,6.8043431,6.8651109,6.9258787
56,Germany,19.4,18.8,19.2,18.6,6.8,6.6,6.8,6.2,13,12.6,12.9,12.3,4.45,4.12,3.79,3.5,3.74,3.32,2.91,2.73,4.12,3.75,3.38,3.14,4.31,NA,NA,NA,NA,NA,NA,NA,NA,NA,NA,NA,NA,NA,NA,NA,2.229999868,2.680231114,1.086024514,1.055508247,-4.569616717,4.16517E+12,4.37693E+12,4.55607E+12,4.64417E+12,7.178064,7.2804057,7.3827474,7.4850891,7.5874308
57,Djibouti,12.1,12.7,12.6,12.6,6.2,6.4,6.5,6.4,9.3,9.7,9.7,9.6,11.06,10.97,10.96,10.77,11.7,11.5,11.2,11.26,11.31,11.18,11.06,10.97,11.57,NA,NA,NA,NA,NA,NA,NA,NA,NA,NA,NA,NA,NA,NA,NA,6.652650372,5.403099843,8.407662666,7.770497257,0.5,4359928619,4612122077,5119940248,5616285889,NA,NA,NA,NA,NA
58,Dominica,NA,NA,NA,NA,NA,NA,NA,NA,NA,NA,NA,NA,NA,NA,NA,NA,NA,NA,NA,NA,NA,NA,NA,NA,NA,NA,NA,NA,NA,NA,NA,NA,NA,NA,NA,NA,NA,NA,NA,NA,2.556494913,-6.79942797,2.29808023,3.459333649,-16.70916029,852085425.2,807786936.2,846191048.2,903182343.7,NA,NA,NA,NA,NA
59,Denmark,15.7,15.6,15.8,14.9,6.1,7.1,7,6.5,10.9,11.3,11.4,10.7,5.64,5.64,4.94,4.8,6.38,6.05,5.35,5.27,5.99,5.83,5.13,5.02,5.66,NA,NA,NA,NA,NA,NA,NA,NA,NA,NA,NA,NA,NA,NA,NA,3.245956985,2.821736341,1.989537315,2.114664208,-2.062124959,2.97719E+11,3.1913E+11,3.32918E+11,3.50812E+11,7.50825,7.4985,7.48875,7.479,7.46925
60,Dominican Republic,10.4,9.2,8.5,8,2.3,2.1,2,1.8,6.4,5.7,5.2,4.9,5.03,4.32,3.71,4.11,10.73,8.12,9.1,9.6,7.28,5.83,5.86,6.36,8.9,98.81259155,NA,NA,NA,NA,93.76412964,NA,NA,NA,NA,93.77845764,NA,NA,NA,NA,6.659200263,4.666704677,6.982527585,5.05216802,-6.720239373,1.67506E+11,1.75941E+11,1.92745E+11,2.06098E+11,5.3788725,5.5086195,5.6383665,5.7681135,5.8978605
61,Algeria,3.2,3.1,3.1,3.1,1.9,1.9,1.9,1.8,2.6,2.5,2.5,2.5,8.21,9.79,9.72,9.67,18.32,20.62,20.49,20.44,10.2,12,11.89,11.81,12.83,NA,NA,97.59406281,NA,NA,NA,NA,75.32296753,NA,NA,NA,NA,81.40783691,NA,NA,3.2,1.3,1.2,0.8,-5.480991935,4.71383E+11,4.85802E+11,5.03436E+11,5.16522E+11,4.981802,4.8628435,4.743885,4.6249265,4.505968
67,Ecuador,13.6,14.1,12.2,11.6,4.3,4.3,3.9,3.6,9,9.2,8.1,7.6,3.73,3.07,2.93,3.26,5.85,4.93,4.4,4.6,4.6,3.84,3.53,3.81,6.23,98.97920227,99.1098175,NA,NA,98.49575806,93.31452942,92.08669281,NA,NA,92.490242,94.35022736,92.82978821,NA,NA,93.62609863,-1.226383985,2.368386526,1.289291933,0.012105103,-7.750123377,1.81967E+11,1.95011E+11,2.02268E+11,2.04623E+11,5.956643,5.9503153,5.9439876,5.9376599,5.9313322
68,"Egypt, Arab Rep.",4.3,4,3.9,4,2.1,2,2,2,3.2,3,3,3,8.88,8.25,6.81,6.73,23.68,23.09,21.44,21.33,12.41,11.74,9.82,9.73,10.45,NA,89.48338318,NA,NA,NA,NA,65.50569153,NA,NA,NA,NA,71.16825104,NA,NA,NA,4.346643456,4.181221,5.314121037,5.557683888,3.569669475,1.05709E+12,1.06227E+12,1.14558E+12,1.23088E+12,5.102996,5.4031656,5.7033352,6.0035048,6.3036744
70,Eritrea,17.5,17.3,17.2,16.6,5.4,5.4,5.3,5.2,11.5,11.3,11.3,10.9,6.42,6.35,6.25,6.24,6.82,6.68,6.59,6.46,6.6,6.5,6.41,6.34,7.44,NA,NA,93.81867981,NA,NA,NA,NA,68.94618988,NA,NA,NA,NA,76.57051849,NA,NA,NA,NA,NA,NA,NA,NA,NA,NA,NA,NA,NA,NA,NA,NA
71,Spain,11.8,12.2,11.6,11.4,4.1,4.3,4.1,4.2,7.8,8.2,7.8,7.7,18.12,15.66,13.73,12.46,21.39,19.04,17.03,16.01,19.64,17.22,15.26,14.1,15.67,99.63757324,NA,99.68849945,NA,99.49478912,97.69535828,NA,97.97377777,NA,98.18704224,98.25051117,NA,98.43650055,NA,98.59445953,3.03130133,2.973641191,2.288785676,2.085191421,-10.82288649,1.73321E+12,1.84178E+12,1.90561E+12,1.98836E+12,6.463557,6.521194,6.578831,6.636468,6.694105
72,Estonia,26.5,30.7,24.6,24.3,6.2,8.1,7.1,6.5,15.7,18.7,15.3,14.9,7.41,6.19,5.41,4.08,6.07,5.3,5.32,4.85,6.76,5.76,5.37,4.45,6.46,NA,NA,NA,NA,NA,NA,NA,NA,NA,NA,NA,NA,NA,NA,NA,3.155564814,5.792044675,4.133819798,4.096342644,-2.951069313,41548791416,44601591302,48023191744,51509303318,5.7249365,5.8232845,5.9216325,6.0199805,6.1183285
73,Ethiopia,7.8,7.7,7.7,7.7,3.1,3.1,3.1,3.1,5.5,5.4,5.4,5.4,1.58,1.53,1.51,1.48,2.85,2.8,2.72,2.68,2.17,2.12,2.07,2.04,2.79,NA,73.52072144,NA,NA,NA,NA,44.42338181,NA,NA,NA,NA,51.7711792,NA,NA,NA,9.433482658,9.564189643,6.816147797,8.364085699,6.056617792,1.94651E+11,2.15094E+11,2.35272E+11,2.59501E+11,4.545894,4.5556718,4.5654496,4.5752274,4.5850052
76,Finland,23.8,23.4,24.6,23.2,7,8.7,8,7.6,15.2,15.9,16.2,15.3,9.04,8.87,7.42,7.18,8.58,8.39,7.3,6.17,8.82,8.64,7.36,6.7,7.83,NA,NA,NA,NA,NA,NA,NA,NA,NA,NA,NA,NA,NA,NA,NA,2.811457767,3.19240963,1.141947509,1.343755373,-2.870690593,2.46928E+11,2.616E+11,2.74388E+11,2.85024E+11,7.430107,7.4324156,7.4347242,7.4370328,7.4393414
77,Fiji,13,12.7,12.5,12.2,5.7,5.8,5.7,5.7,9.4,9.3,9.1,9,3.71,3.59,3.55,3.51,5.56,5.55,5.42,5.33,4.32,4.24,4.16,4.11,4.79,NA,NA,NA,NA,NA,NA,NA,NA,NA,NA,NA,NA,NA,NA,NA,2.444752967,5.353631074,3.812637219,-0.4453347,-19.04875649,11020155973,11783674116,12526653517,12693491874,NA,NA,NA,NA,NA
78,France,22.3,21.7,21.1,20.4,8,8,7.8,7.6,14.9,14.6,14.2,13.8,10.22,9.44,8.99,8.5,9.84,9.37,9.05,8.38,10.04,9.41,9.02,8.44,8.62,NA,NA,NA,NA,NA,NA,NA,NA,NA,NA,NA,NA,NA,NA,NA,1.095464404,2.291419994,1.865066071,1.842971814,-7.855256037,2.86411E+12,2.98301E+12,3.12487E+12,3.32056E+12,6.2663765,6.1588292,6.0512819,5.9437346,5.8361873
79,Faroe Islands,NA,NA,NA,NA,NA,NA,NA,NA,NA,NA,NA,NA,NA,NA,NA,NA,NA,NA,NA,NA,NA,NA,NA,NA,NA,NA,NA,NA,NA,NA,NA,NA,NA,NA,NA,NA,NA,NA,NA,NA,NA,NA,NA,NA,NA,NA,NA,NA,NA,NA,NA,NA,NA,NA
80,"Micronesia, Fed. Sts.",41.4,42.6,43.3,43.2,12,12.3,12.6,12.7,27,27.7,28.2,28.2,NA,NA,NA,NA,NA,NA,NA,NA,NA,NA,NA,NA,NA,NA,NA,NA,NA,NA,NA,NA,NA,NA,NA,NA,NA,NA,NA,NA,0.900180417,2.682185944,0.2116536,1.20028899,NA,371860687.9,389013434.2,399196703,NA,NA,NA,NA,NA,NA
81,Gabon,15.5,14.8,14.6,14.2,2.7,2.6,2.5,2.4,9.2,8.8,8.6,8.4,14.44,14.39,14.27,14.11,28.52,28.2,28.01,27.95,20.11,19.93,19.77,19.64,20.47,NA,NA,88.14196014,NA,NA,NA,NA,83.42397308,NA,NA,NA,NA,84.66716003,NA,NA,2.091442208,0.472642031,0.842950946,3.944946204,-1.323936553,28684983156,30986311651,31997757897,33853794566,4.63402,4.8524848,5.0709496,5.2894144,5.5078792
82,United Kingdom,13,12.5,12.2,11.8,4.1,4.1,4.1,4,8.5,8.2,8.1,7.9,4.92,4.43,4.05,3.92,4.68,4.22,3.94,3.53,4.81,4.33,4,3.74,4.34,NA,NA,NA,NA,NA,NA,NA,NA,NA,NA,NA,NA,NA,NA,NA,1.722385904,1.740309443,1.252590613,1.370814722,-9.790240362,2.89675E+12,3.02184E+12,3.13333E+12,3.23746E+12,6.454127,6.3285346,6.2029422,6.0773498,5.9517574
83,Georgia,18.6,16.7,16.3,16,3.5,3.1,3.1,3,10.7,9.6,9.4,9.2,19.91,14.97,13.92,12.79,12.53,12.7,11.22,10.15,16.6,13.94,12.67,11.57,12.05,NA,99.76824951,NA,99.72337341,NA,NA,99.2947464,NA,99.45179749,NA,NA,99.36425781,NA,99.55844116,NA,2.90643878,4.842603225,4.842919885,4.982350475,-6.159672928,47930061167,50662483514,54391332780,58120644280,4.138472,4.0925792,4.0466864,4.0007936,3.9549008
84,Ghana,12.9,12.5,11.9,11.8,1.4,1.3,1.2,1.2,7.2,7,6.6,6.6,5.48,4.08,4.05,3.97,5.42,4.39,4.29,4.29,5.45,4.22,4.16,4.12,4.53,NA,NA,92.76100159,NA,NA,NA,NA,74.47438812,NA,NA,NA,NA,79.03964233,NA,NA,3.373465725,8.128894916,6.200077672,6.507774788,0.414443468,1.39277E+11,1.45509E+11,1.58412E+11,1.70466E+11,3.3874605,2.9555865,2.5237125,2.0918385,1.6599645
85,Gibraltar,NA,NA,NA,NA,NA,NA,NA,NA,NA,NA,NA,NA,NA,NA,NA,NA,NA,NA,NA,NA,NA,NA,NA,NA,NA,NA,NA,NA,NA,NA,NA,NA,NA,NA,NA,NA,NA,NA,NA,NA,NA,NA,NA,NA,NA,NA,NA,NA,NA,NA,NA,NA,NA,NA
86,Guinea,9.3,9,9,9.2,5.1,5,4.8,4.9,7.1,7,6.9,7,5.44,5.49,5.4,5.3,3.41,3.23,3.18,3.17,4.33,4.26,4.19,4.14,4.35,NA,NA,69.63989258,NA,NA,NA,NA,27.6925602,NA,NA,NA,NA,39.6176796,NA,NA,10.82062144,10.30000049,6.358491927,5.646175568,6.988559971,24399990226,29176885980,29231639178,31093026920,3.385158,3.2921687,3.1991794,3.1061901,3.0132008
87,"Gambia, The",6.7,6.8,6.6,6.6,3.1,3,3,3,4.9,4.9,4.8,4.8,6.8,6.61,6.56,6.5,12.36,12.34,12.15,12.04,9.24,9.12,9.02,8.94,9.64,NA,NA,NA,NA,NA,NA,NA,NA,NA,NA,NA,NA,NA,NA,NA,1.943359655,4.822611249,7.234890333,6.056765744,0,4446016237,4588632823,5038758422,5439341718,NA,NA,NA,NA,NA
88,Guinea-Bissau,10.7,10.7,10.7,10.2,4.1,4.1,3.9,3.9,7.3,7.3,7.2,7,2.98,2.93,2.86,2.79,2.96,2.88,2.81,2.79,2.97,2.9,2.84,2.79,3.16,NA,NA,NA,NA,NA,NA,NA,NA,NA,NA,NA,NA,NA,NA,NA,6.262805638,5.919176626,1.283736703,4.499999992,-2.399999999,3113471484,3519615667,3539365343,3612539415,NA,NA,NA,NA,NA
89,Equatorial Guinea,11.4,9.4,10.4,9.4,6.7,5.9,5.7,6,9.3,7.8,8.3,7.9,8.14,8.03,7.93,7.85,8.42,8.3,8.18,8.12,8.24,8.13,8.03,7.95,9.15,NA,NA,NA,NA,NA,NA,NA,NA,NA,NA,NA,NA,NA,NA,NA,-8.816417232,-5.667502957,-6.236550982,-5.978936905,-4.893356474,24861119032,28459489607,27703921236,25255752182,NA,NA,NA,NA,NA
90,Greece,7.9,8.3,8.3,8.4,1.6,2,1.9,1.9,4.7,5.1,5.1,5.1,19.89,17.85,15.41,14.02,28.14,26.12,24.29,21.55,23.54,21.49,19.29,17.31,16.85,NA,NA,99.26000214,NA,NA,NA,NA,97.39409637,NA,NA,NA,NA,97.93595123,NA,NA,-0.489852889,1.280824834,1.558977652,1.856675112,-8.247736115,2.96029E+11,3.08068E+11,3.18562E+11,3.30966E+11,5.4524605,5.6139086,5.7753567,5.9368048,6.0982529
91,Grenada,0.9,0.8,0,0.6,1,0.5,0.6,0.7,1,0.6,0.3,0.7,NA,NA,NA,NA,NA,NA,NA,NA,NA,NA,NA,NA,NA,NA,NA,NA,NA,NA,NA,NA,NA,NA,NA,NA,NA,NA,NA,NA,3.735614132,4.442740288,4.141152838,1.981554122,-11.23075823,1656762122,1798099078,1917520948,1989112157,NA,NA,NA,NA,NA
92,Greenland,NA,NA,NA,NA,NA,NA,NA,NA,NA,NA,NA,NA,NA,NA,NA,NA,NA,NA,NA,NA,NA,NA,NA,NA,NA,NA,NA,NA,NA,NA,NA,NA,NA,NA,NA,NA,NA,NA,NA,NA,4.68195411,0.468546638,3.218027331,NA,NA,NA,NA,NA,NA,NA,NA,NA,NA,NA
93,Guatemala,8.7,8.6,9.4,9.4,2.8,2.7,2.6,2.6,5.7,5.6,6,5.9,2.13,1.94,1.88,1.83,3.47,3.52,3.47,3.42,2.58,2.46,2.41,2.36,4.65,NA,NA,95.37834167,NA,NA,NA,NA,76.72338104,NA,NA,NA,NA,80.81067657,NA,NA,2.677802555,3.079851491,3.322097997,3.866856575,-1.519328029,1.30131E+11,1.33805E+11,1.41477E+11,1.49154E+11,6.805144,7.043068,7.280992,7.518916,7.75684
94,Guam,NA,NA,NA,NA,NA,NA,NA,NA,NA,NA,NA,NA,5.9,6,6.09,6.12,4.67,4.76,4.86,4.97,5.4,5.49,5.59,5.65,7.51,NA,NA,NA,NA,NA,NA,NA,NA,NA,NA,NA,NA,NA,NA,NA,0.181983621,0.890099909,-0.900252071,1.980377907,NA,NA,NA,NA,NA,NA,NA,NA,NA,NA
95,Guyana,59.3,60.1,61.6,63,16.4,16.7,17.1,17.4,37.9,38.5,39.5,40.3,12.08,12.26,12.39,12.26,16.31,16.39,16.56,16.46,13.69,13.85,14.02,13.91,15.82,NA,NA,NA,NA,NA,NA,NA,NA,NA,NA,NA,NA,NA,NA,NA,3.807483433,3.734494656,4.440980724,5.352830787,43.47951463,8713910376,9306806134,9953497837,10673487932,NA,NA,NA,NA,NA
97,"Hong Kong SAR, China",NA,NA,NA,NA,NA,NA,NA,NA,NA,NA,NA,NA,3.69,3.4,3.43,3.55,3.08,2.77,2.63,2.35,3.39,3.09,3.04,2.96,5.8,NA,NA,NA,NA,NA,NA,NA,NA,NA,NA,NA,NA,NA,NA,NA,2.169494388,3.791005986,2.846447939,-1.67975617,-6.081467784,4.19811E+11,4.42388E+11,4.65911E+11,4.69717E+11,4.83258,4.7155509,4.5985218,4.4814927,4.3644636
98,Honduras,3.2,3.3,3.3,3.3,0.8,0.8,0.8,0.8,2,2.1,2,2.1,5.38,4.13,4.67,4.6,9.03,8.02,7.24,7.13,6.73,5.53,5.65,5.57,9.39,94.94519043,NA,94.89199066,94.84311676,NA,88.93486023,NA,87.26555634,88.73169708,NA,88.98748016,NA,87.20523834,88.50743103,NA,3.892972197,4.842913911,3.84499477,2.653066255,-8.964760184,47719049298,52444135530,55667196822,58282309546,5.072191,5.1793935,5.286596,5.3937985,5.501001
100,Croatia,25.7,24.4,25.3,25.3,7.8,7.6,8.1,8.1,16.4,15.7,16.4,16.4,12.51,10.61,7.64,6.15,13.79,11.91,9.34,7.16,13.1,11.21,8.43,6.62,7.2,NA,NA,NA,NA,NA,NA,NA,NA,NA,NA,NA,NA,NA,NA,NA,3.498134992,3.439217352,2.807609701,2.858925968,-8.367378217,1.03842E+11,1.10538E+11,1.16726E+11,1.22958E+11,4.8819665,4.5848303,4.2876941,3.9905579,3.6934217
101,Haiti,11.5,11.7,11.8,11.8,8.2,7.8,7.7,7.6,9.8,9.7,9.7,9.6,11.19,11.09,10.96,10.91,16.76,16.55,16.4,16.25,13.86,13.72,13.58,13.48,14.5,83.35350037,NA,NA,NA,NA,58.30052185,NA,NA,NA,NA,61.69134903,NA,NA,NA,NA,1.722544838,2.286127252,1.667826664,-1.68198513,-3.373750496,32798870135,32738003150,34083159241,34108087809,3.3074135,2.9809812,2.6545489,2.3281166,2.0016843
102,Hungary,29.1,27.7,28.4,25.9,9.3,8.2,8.1,8.3,18.7,17.5,17.7,16.6,5.12,3.81,3.48,3.36,5.11,4.57,3.99,3.5,5.12,4.16,3.71,3.42,4.35,NA,NA,NA,NA,NA,NA,NA,NA,NA,NA,NA,NA,NA,NA,NA,2.139995712,4.316780987,5.399709209,4.641297075,-4.956748517,2.73926E+11,2.88404E+11,3.11152E+11,3.31727E+11,5.5929855,5.8179026,6.0428197,6.2677368,6.4926539
107,Indonesia,3.7,3.7,3.7,3.7,1.1,1.1,1.1,1.1,2.4,2.4,2.4,2.4,4.57,4.06,4.54,3.8,3.87,3.6,4.18,3.35,4.3,3.88,4.4,3.62,4.11,99.68344879,NA,99.71748352,NA,99.77767181,93.58692169,NA,93.99217987,NA,94.55235291,95.37696838,NA,95.65856171,NA,95.99900818,5.033069183,5.069785901,5.17429154,5.018159715,-2.069543499,2.7449E+12,2.89413E+12,3.11687E+12,3.3321E+12,5.1576005,5.090622,5.0236435,4.956665,4.8896865
109,Isle of Man,NA,NA,NA,NA,NA,NA,NA,NA,NA,NA,NA,NA,NA,NA,NA,NA,NA,NA,NA,NA,NA,NA,NA,NA,NA,NA,NA,NA,NA,NA,NA,NA,NA,NA,NA,NA,NA,NA,NA,NA,6.952311475,2.837739696,2.213405599,NA,NA,NA,NA,NA,NA,NA,NA,NA,NA,NA
110,India,13.4,13.4,14,14.1,10.6,10.5,11,11.1,12.1,12,12.6,12.7,5.5,5.42,5.34,5.28,5.54,5.4,5.3,5.21,5.51,5.41,5.33,5.27,7.11,NA,NA,92.99297333,NA,NA,NA,NA,65.79080963,NA,NA,NA,NA,74.37299347,NA,NA,8.256305502,6.795383419,6.532989011,4.041554187,-7.964610411,7.735E+12,8.28094E+12,9.06967E+12,9.55676E+12,4.194195,4.0804336,3.9666722,3.8529108,3.7391494
112,Ireland,16.1,16.1,15.8,15.4,4,4.1,4,3.9,10,10,9.9,9.6,9.02,7.07,5.78,5.17,7.6,6.29,5.69,4.69,8.37,6.71,5.74,4.95,5.92,NA,NA,NA,NA,NA,NA,NA,NA,NA,NA,NA,NA,NA,NA,NA,2.042232527,8.940012772,9.0301611,4.917006978,5.866975509,3.42046E+11,3.74029E+11,4.09561E+11,4.30334E+11,6.856992,6.8424654,6.8279388,6.8134122,6.7988856
114,Iraq,5.7,5.6,5.4,5.2,2.3,2.2,2.1,2,4,3.9,3.7,3.6,8.54,10.28,10.14,10,22.34,31.02,30.75,30.59,10.82,13.02,12.87,12.76,13.74,93.40000153,94.90000153,NA,NA,NA,76.80000305,79.90000153,NA,NA,NA,83.30000305,85.59999847,NA,NA,NA,13.78737302,-1.753660845,-1.213963399,4.445049635,-10.36509018,3.62371E+11,4.12028E+11,4.29852E+11,4.55573E+11,4.4343735,4.3661824,4.2979913,4.2298002,4.1616091
115,Iceland,21.2,21.7,17.8,19.8,4.6,2.7,3.8,3.9,13,12.2,10.8,11.9,2.92,2.76,2.85,3.86,3.05,2.72,2.54,3.12,2.98,2.74,2.7,3.51,5.01,NA,NA,NA,NA,NA,NA,NA,NA,NA,NA,NA,NA,NA,NA,NA,6.303687107,4.194948829,4.892180731,2.434823,-6.50391225,17788597247,18920738734,20155157042,21097497828,6.2930225,6.0331627,5.7733029,5.5134431,5.2535833
116,Israel,8.4,7.8,8.5,8.4,2.1,2.5,2.4,2.3,5.2,5.1,5.4,5.3,4.67,4.12,4.04,3.69,4.94,4.32,3.95,3.93,4.8,4.22,4,3.8,4.61,NA,NA,NA,NA,NA,NA,NA,NA,NA,NA,NA,NA,NA,NA,NA,3.826574872,3.555612725,3.479370319,3.450279281,-2.440010792,3.23333E+11,3.38934E+11,3.58488E+11,3.79793E+11,7.2242685,7.222836,7.2214035,7.219971,7.2185385
117,Italy,10.1,10.8,10.2,10.1,3.2,3.5,3.5,3.5,6.6,7.1,6.7,6.7,10.89,10.34,9.75,9.1,12.78,12.39,11.78,11.1,11.69,11.21,10.61,9.95,9.31,NA,NA,99.91999817,NA,NA,NA,NA,98.9719162,NA,NA,NA,NA,99.15576172,NA,NA,1.293462732,1.667859041,0.941737193,0.287449937,-8.871146348,2.42067E+12,2.51718E+12,2.60486E+12,2.67712E+12,5.9413195,5.9455516,5.9497837,5.9540158,5.9582479
118,Jamaica,3.4,3.5,3.6,3.7,1,1,1,1.1,2.2,2.3,2.3,2.4,9.61,8.43,6.73,5.83,17.43,15.39,11.91,9.94,13.19,11.63,9.1,7.72,8.4,NA,NA,NA,NA,NA,NA,NA,NA,NA,NA,NA,NA,NA,NA,NA,1.375223064,0.997123062,1.889923681,0.892291654,-10.2,26718138075,28035430606,29224956416,31234864864,NA,NA,NA,NA,NA
119,Jordan,2.3,2.3,2.4,2.5,0.7,0.7,0.7,0.7,1.5,1.5,1.6,1.6,13.35,13.97,14.61,15.29,24.18,24.06,23.9,23.81,15.28,15.78,16.29,16.85,18.5,NA,NA,99.19612122,NA,NA,NA,NA,97.83207703,NA,NA,NA,NA,98.22711182,NA,NA,1.994180849,2.087114551,1.934091701,1.955466358,-1.551384325,90248991291,97893384071,1.02183E+11,1.06041E+11,5.505106,5.602992,5.700878,5.798764,5.89665
120,Japan,24.8,24.2,23.5,21.8,10.5,10.1,10.2,9.2,17.5,17,16.7,15.3,3.32,2.93,2.57,2.54,2.81,2.64,2.18,2.23,3.1,2.8,2.4,2.4,2.97,NA,NA,NA,NA,NA,NA,NA,NA,NA,NA,NA,NA,NA,NA,NA,0.753826746,1.675331752,0.558851275,0.270304645,-5.809905571,5.07524E+12,5.19398E+12,5.27571E+12,5.34581E+12,5.8568865,5.8266528,5.7964191,5.7661854,5.7359517
121,Kazakhstan,36.6,34.9,31.5,29,7.8,7.6,7.1,6.8,21.7,20.8,19,17.6,4.46,4.4,4.37,4.32,5.5,5.44,5.37,5.32,4.96,4.9,4.85,4.8,6.05,NA,NA,99.94013977,NA,NA,NA,NA,99.73899078,NA,NA,NA,NA,99.78163147,NA,NA,1.1,4.1,4.1,4.5,-2.6,4.23833E+11,4.48473E+11,4.78069E+11,5.08501E+11,6.055309,6.125928,6.196547,6.267166,6.337785
122,Kenya,8.1,8.4,9,9.1,2.8,2.8,3.1,3.2,5.4,5.6,6,6.1,2.59,2.54,2.46,2.43,2.94,2.85,2.82,2.76,2.76,2.69,2.64,2.6,2.98,NA,NA,87.58999634,NA,NA,NA,NA,78.1889267,NA,NA,NA,NA,81.53497314,NA,NA,5.8789493,4.805696525,6.318450702,5.365748965,-0.30749749,1.78316E+11,2.03207E+11,2.21233E+11,2.37265E+11,4.5362405,4.5902451,4.6442497,4.6982543,4.7522589
124,Cambodia,7.4,7.2,7.2,7,2.9,2.8,2.8,2.8,5.1,5,4.9,4.9,0.59,0.11,0.1,0.1,0.85,0.18,0.17,0.16,0.72,0.14,0.13,0.13,0.31,NA,NA,NA,NA,NA,NA,NA,NA,NA,NA,NA,NA,NA,NA,NA,6.939060604,6.8414315,7.469169207,7.054106932,-3.141034806,57941724641,62890960722,69211177545,75416087631,4.1544645,4.2543858,4.3543071,4.4542284,4.5541497
125,Kiribati,50.5,50.8,48.2,48.6,9.3,9.1,8.6,8.7,29.5,29.6,28.1,28.3,NA,NA,NA,NA,NA,NA,NA,NA,NA,NA,NA,NA,NA,NA,NA,NA,NA,NA,NA,NA,NA,NA,NA,NA,NA,NA,NA,NA,5.135383281,0.89150817,2.313157811,2.247365963,2.538071066,248288178.5,255211289.6,267384044.9,278273624.8,NA,NA,NA,NA,NA
126,St. Kitts and Nevis,NA,NA,NA,NA,NA,NA,NA,NA,NA,NA,NA,NA,NA,NA,NA,NA,NA,NA,NA,NA,NA,NA,NA,NA,NA,NA,NA,NA,NA,NA,NA,NA,NA,NA,NA,NA,NA,NA,NA,NA,2.826378868,-1.977829212,2.924450454,2.054103135,-10.74339098,1286871210,1319637697,1390840689,1456549501,NA,NA,NA,NA,NA
127,"Korea, Rep.",38.3,36.8,41.2,40.2,16,14.7,15.9,16.9,27.2,25.8,28.6,28.6,3.73,3.78,3.92,3.87,3.54,3.48,3.69,3.58,3.65,3.65,3.82,3.75,4.07,NA,NA,NA,NA,NA,NA,NA,NA,NA,NA,NA,NA,NA,NA,NA,2.946881715,3.15963574,2.907403774,2.039348227,-0.957766224,2.02697E+12,2.10365E+12,2.19261E+12,2.20942E+12,NA,NA,NA,NA,NA
128,Kuwait,3.9,4,4.2,4.3,0.7,0.7,0.7,0.7,2.6,2.7,2.8,2.9,0.91,0.97,1.15,1.16,5.62,5.86,5.83,6.14,2.16,2.25,2.34,2.41,6.79,NA,99.05683899,98.7767868,NA,99.10440063,NA,94.82576752,94.905159,NA,95.35169983,NA,96.03594971,96.05647278,NA,96.45754242,2.925868226,-4.712106209,1.246129323,0.427464008,NA,1.76814E+11,2.06275E+11,2.17672E+11,2.16091E+11,6.125554,6.0730459,6.0205378,5.9680297,5.9155216
131,Lebanon,3.7,4.2,3.4,3.8,1.7,1.8,1.6,1.7,2.7,3,2.5,2.8,5.01,4.95,4.88,4.84,10.18,10,9.86,9.77,6.26,6.18,6.1,6.04,6.61,NA,NA,99.66274261,NA,NA,NA,NA,93.30500793,NA,NA,NA,NA,95.06944275,NA,NA,1.529520107,0.850699559,-1.926404771,-6.7,-20.29999319,1.03936E+11,1.09026E+11,1.09493E+11,1.0398E+11,5.5022005,5.7069954,5.9117903,6.1165852,6.3213801
132,Liberia,5.3,5.3,5.3,5.6,3.7,3.7,3.5,3.3,4.5,4.5,4.4,4.5,3.75,3.67,3.6,3.54,2.33,2.26,2.2,2.17,3.08,3,2.94,2.89,3.3,NA,64.95713043,NA,NA,NA,NA,34.09225845,NA,NA,NA,NA,48.30136108,NA,NA,NA,-1.599584075,2.468626095,1.222551313,-2.278245125,-2.870722428,6325435787,7126900130,7387237643,7347807249,NA,NA,NA,NA,NA
133,Libya,6.8,7.8,8.1,6,3,3.2,3.4,2.9,5,5.5,5.8,4.5,15.49,15.31,15.22,15.35,25.1,24.97,24.7,24.13,18.77,18.61,18.46,18.34,19.39,NA,NA,NA,NA,NA,NA,NA,NA,NA,NA,NA,NA,NA,NA,NA,-2.79546889,26.68090263,15.13279989,2.535953478,-31.3,72119611548,87115614621,1.02707E+11,1.07191E+11,5.0239175,4.9410338,4.8581501,4.7752664,4.6923827
134,St. Lucia,13.4,14.4,14.6,14.3,1.6,1.7,1.7,1.7,7.4,7.9,8,7.9,18.08,17.27,17.64,14.09,21.97,21.14,21.12,17.18,19.91,19.1,19.29,15.59,17.13,NA,NA,NA,NA,NA,NA,NA,NA,NA,NA,NA,NA,NA,NA,NA,3.986868948,3.48884866,2.639462354,1.728838432,-20.21154919,2572784244,2704505166,2842538146,2943301926,NA,NA,NA,NA,NA
138,Liechtenstein,NA,NA,NA,NA,NA,NA,NA,NA,NA,NA,NA,NA,NA,NA,NA,NA,NA,NA,NA,NA,NA,NA,NA,NA,NA,NA,NA,NA,NA,NA,NA,NA,NA,NA,NA,NA,NA,NA,NA,NA,NA,NA,NA,NA,NA,NA,NA,NA,NA,NA,NA,NA,NA,NA
139,Sri Lanka,23.6,23,22.6,22.3,6.6,6.4,6.3,6.2,14.8,14.4,14.2,14,2.89,2.82,2.98,2.95,6.84,6.32,6.96,6.87,4.24,4.05,4.32,4.27,4.84,98.41123199,98.54505157,98.50948334,98.71961975,NA,91.48610687,90.97074127,90.79560089,91.58087158,NA,92.38690186,91.89575195,91.70982361,92.25296021,NA,4.486634531,3.578169679,3.272000479,2.255176529,-3.569076137,2.5919E+11,2.69854E+11,2.86876E+11,2.97082E+11,4.633277,4.7397051,4.8461332,4.9525613,5.0589894
142,Lesotho,139.6,127.2,124.6,116,36,30.8,29.9,30.1,87,78.3,76.6,72.4,20.55,20.64,20.4,20.31,28.83,28.35,28.28,28.13,24.3,24.13,23.98,23.86,24.65,NA,NA,NA,NA,NA,NA,NA,NA,NA,NA,NA,NA,NA,NA,NA,3.588364597,-3.141949946,-1.223137311,-0.381431982,-11.06099374,6355787871,5820641497,5783545637,5749587418,NA,NA,NA,NA,NA
144,Lithuania,59.9,50.9,47.5,45.4,9.6,11.5,10.1,9.6,32.8,29.7,27.4,26.1,9.1,8.5,6.89,7.03,6.65,5.67,5.41,5.5,7.86,7.07,6.15,6.26,8.43,NA,NA,NA,NA,NA,NA,NA,NA,NA,NA,NA,NA,NA,NA,NA,2.518828273,4.282596951,3.936845901,4.338861033,-0.87190554,88700533710,95492177900,1.01826E+11,1.0829E+11,5.8887215,5.9238273,5.9589331,5.9940389,6.0291447
145,Luxembourg,13.9,13.6,14.5,15.3,6.4,6,6.7,7.1,10.2,9.8,10.6,11.3,6.01,5.54,5.33,5.65,6.63,5.5,5.88,5.53,6.29,5.52,5.59,5.6,6.96,NA,NA,NA,NA,NA,NA,NA,NA,NA,NA,NA,NA,NA,NA,NA,4.574601051,1.801180955,3.110836266,2.296978816,-1.313204543,64406173773,66973407127,70914235376,74996677380,6.665086,6.56236,6.459634,6.356908,6.254182
146,Latvia,36.7,36.9,34.3,35.5,8.2,8.3,4.3,7,21.3,21.4,18.1,20.1,10.89,9.75,8.41,7.2,8.4,7.67,6.42,5.43,9.64,8.72,7.41,6.31,8.19,NA,NA,99.77999878,NA,NA,NA,NA,99.90640259,NA,NA,NA,NA,99.88931274,NA,NA,2.372924128,3.25072029,4.024311045,2.02711322,-3.623683916,52339434716,55645420267,59355857672,61332915230,6.182643,6.4752494,6.7678558,7.0604622,7.3530686
147,"Macao SAR, China",NA,NA,NA,NA,NA,NA,NA,NA,NA,NA,NA,NA,2.29,2.39,2.28,2.08,1.49,1.59,1.29,1.29,1.9,2,1.8,1.7,2.5,99.72689056,NA,NA,NA,NA,95.03256989,NA,NA,NA,NA,96.5384903,NA,NA,NA,NA,-0.674489248,9.982505239,6.466006544,-2.628861476,-56.30824513,70903935831,79017384059,85308744931,82891731828,NA,NA,NA,NA,NA
148,St. Martin (French part),NA,NA,NA,NA,NA,NA,NA,NA,NA,NA,NA,NA,NA,NA,NA,NA,NA,NA,NA,NA,NA,NA,NA,NA,NA,NA,NA,NA,NA,NA,NA,NA,NA,NA,NA,NA,NA,NA,NA,NA,NA,NA,NA,NA,NA,NA,NA,NA,NA,NA,NA,NA,NA,NA
149,Morocco,9.3,9.3,9.5,9.7,5.1,5,4.8,4.7,7.2,7.1,7.2,7.2,8.84,8.7,8.61,8.54,10.7,10.71,10.56,10.47,9.3,9.19,9.08,9.01,10.15,NA,NA,98.04000092,NA,NA,NA,NA,64.59137726,NA,NA,NA,NA,73.75000763,NA,NA,1.05985639,4.248949211,3.148502644,2.481905132,-7.117232169,2.53685E+11,2.64213E+11,2.79075E+11,2.91107E+11,5.3196895,5.3917959,5.4639023,5.5360087,5.6081151
150,Monaco,NA,NA,NA,NA,NA,NA,NA,NA,NA,NA,NA,NA,NA,NA,NA,NA,NA,NA,NA,NA,NA,NA,NA,NA,NA,NA,NA,NA,NA,NA,NA,NA,NA,NA,NA,NA,NA,NA,NA,NA,3.500001391,-3.40000081,6.100000475,7.5,NA,NA,NA,NA,NA,NA,NA,NA,NA,NA
151,Moldova,27.9,26.6,26,26.1,4.7,4,3.8,4.1,15.9,14.9,14.4,14.7,5.45,4.82,5.04,5.8,2.88,3.34,3.13,4.35,4.19,4.1,4.11,5.1,4.71,NA,NA,NA,NA,NA,NA,NA,NA,NA,NA,NA,NA,NA,NA,NA,4.408886724,4.69079339,4.301477742,3.580484271,-6.969046296,29732362697,32101220496,34285944984,36147518491,5.9781445,6.0007721,6.0233997,6.0460273,6.0686549
152,Madagascar,7.7,7.6,7.6,7.6,3.4,3.4,3.3,3.4,5.5,5.5,5.5,5.5,1.74,1.7,1.67,1.63,1.79,1.75,1.71,1.7,1.76,1.73,1.69,1.67,1.92,NA,NA,80.57805634,NA,NA,NA,NA,75.07057953,NA,NA,NA,NA,76.67967987,NA,NA,3.993146085,3.933316171,3.2,4.4,-4.200002074,39996977188,40514543473,43557827810,45248932049,3.6550225,3.6535957,3.6521689,3.6507421,3.6493153
153,Maldives,4.6,4.5,4.2,3.9,0.8,0.8,0.8,0.8,3.1,3.1,2.9,2.7,6.3,6.17,6.05,5.97,5.52,5.41,5.31,5.22,6.12,6,5.9,5.82,7.18,98.39115143,NA,NA,NA,NA,98.11470795,NA,NA,NA,NA,97.7349472,NA,NA,NA,NA,6.33752979,7.210479788,8.128813661,6.98667554,-31.98206371,8279143211,8964243526,9925655609,10808696503,NA,NA,NA,NA,NA
155,Mexico,9.2,9.8,8.7,8.5,2.1,2.2,2.2,2.2,5.6,5.9,5.4,5.3,3.83,3.31,3.2,3.46,3.91,3.6,3.43,3.52,3.86,3.42,3.28,3.48,4.71,99.02591705,99.08129883,99.24864197,NA,98.99363708,93.96852112,94.16575623,94.60804749,NA,94.49513245,94.85961914,94.97277832,95.37991333,NA,95.24784851,2.630532425,2.113129135,2.194992049,-0.054527928,-8.239473277,2.38325E+12,2.46077E+12,2.55635E+12,2.60865E+12,5.91611,5.5146691,5.1132282,4.7117873,4.3103464
156,Marshall Islands,NA,NA,NA,NA,NA,NA,NA,NA,NA,NA,NA,NA,NA,NA,NA,NA,NA,NA,NA,NA,NA,NA,NA,NA,NA,NA,NA,NA,NA,NA,NA,NA,NA,NA,NA,NA,NA,NA,NA,NA,1.029898109,3.382740806,3.34508051,6.529003345,NA,203312834.3,214833051.9,227375627.1,NA,NA,NA,NA,NA,NA
159,Mali,5.3,5.2,5.2,5.3,3.2,3,3,2.9,4.2,4.1,4.1,4.1,6.81,6.7,6.63,6.53,8.64,8.4,8.25,8.2,7.6,7.41,7.31,7.24,7.5,NA,NA,57.83325958,NA,55.227211,NA,NA,25.73516083,NA,22.07847023,NA,NA,35.47377014,NA,30.76140976,5.852299199,5.305456084,4.746484327,4.765860521,-1.649261401,39326484634,41593677731,44613972539,47568323426,4.4129465,4.5235145,4.6340825,4.7446505,4.8552185
160,Malta,9.4,8.9,9.7,9.8,2.2,2,2.3,2.3,5.8,5.5,6,6.1,4.38,3.83,3.77,3.24,5.16,4.25,3.5,3.61,4.69,4,3.66,3.4,4.09,NA,NA,99.05695343,NA,NA,NA,NA,95.98872375,NA,NA,NA,NA,94.50318909,NA,NA,4.090917429,8.119425289,5.179224796,5.539566337,-7.001129615,18075538178,19845165238,21392212893,23222750785,6.858017,7.0603929,7.2627688,7.4651447,7.6675206
161,Myanmar,5.3,5,4.8,4.9,1.2,1.1,1.1,1.1,3.2,3,2.9,2.9,0.96,1.23,0.74,0.44,1.4,2.04,1.05,0.59,1.14,1.56,0.87,0.5,1.79,85.11966705,NA,NA,95.27066803,NA,71.84699249,NA,NA,86.26860809,NA,75.55120087,NA,NA,89.06994629,NA,5.7500645,6.404977325,6.750460146,1.69442381,-9.992044686,2.3828E+11,2.53029E+11,2.76595E+11,2.92545E+11,4.3974995,4.3940289,4.3905583,4.3870877,4.3836171
163,Montenegro,31.1,31.8,31.9,31.7,10.7,10.7,10.7,10.4,20.8,21.1,21.2,21,18.24,15.38,15.24,14.68,17.08,16.95,15.1,15.69,17.72,16.07,15.18,15.12,15.86,NA,NA,99.23000336,NA,NA,NA,NA,98.27134705,NA,NA,NA,NA,98.84718323,NA,NA,2.949340815,4.716438739,5.077865034,4.062955413,-15.15898443,11325497838,12249721735,13407300970,14520577829,5.1569195,5.1496165,5.1423135,5.1350105,5.1277075
164,Mongolia,34.3,32.9,32,30.7,6.2,5.9,5.6,5.4,20.1,19.2,18.6,17.9,8.37,6.96,5.83,5.77,5.87,5.64,4.81,4.75,7.24,6.36,5.38,5.31,4.33,NA,NA,98.19000244,NA,98.92642975,NA,NA,98.64888763,NA,99.24108887,NA,NA,98.42311859,NA,99.18327332,1.168393456,5.337037933,7.246629636,5.159070603,-5.335552017,32833404463,35222426053,38681832188,41403609438,4.9525625,4.9730242,4.9934859,5.0139476,5.0344093
165,Northern Mariana Islands,NA,NA,NA,NA,NA,NA,NA,NA,NA,NA,NA,NA,NA,NA,NA,NA,NA,NA,NA,NA,NA,NA,NA,NA,NA,NA,NA,NA,NA,NA,NA,NA,NA,NA,NA,NA,NA,NA,NA,NA,29.21212121,23.17073171,-19.34501142,-11.14258735,NA,NA,NA,NA,NA,NA,NA,NA,NA,NA
166,Mozambique,22,21.8,21.9,22,5.6,5.5,5.7,5.7,13.6,13.4,13.5,13.6,3.16,3.09,3.01,2.85,3.58,3.5,3.45,3.5,3.38,3.31,3.24,3.19,3.39,NA,77.26016998,NA,NA,NA,NA,50.29513931,NA,NA,NA,NA,60.65542984,NA,NA,NA,3.824214319,3.741317593,3.44381384,2.292736927,-1.281886972,37950978490,36775580596,38955445881,40559949522,NA,NA,NA,NA,NA
167,Mauritania,3.9,4,4,4,2.2,2.2,2.2,2.2,3,3.1,3.1,3.1,9.64,9.78,9.63,9.5,11.79,11.59,11.51,11.52,10.31,10.34,10.22,10.13,10.66,NA,70.9363327,NA,NA,NA,NA,43.35438919,NA,NA,NA,NA,53.49758911,NA,NA,NA,1.260909224,3.497175006,2.115267637,5.931442105,-1.488487214,19569042827,21743465320,22736497193,24515054886,3.8274645,3.6306815,3.4338985,3.2371155,3.0403325
168,Mauritius,13.6,15.3,13.1,16.3,2.7,4.1,4.4,2.8,8.1,9.6,8.7,9.5,4.53,4.65,4.42,4.35,10.42,10.05,9.53,9.42,6.81,6.75,6.43,6.36,7.11,NA,NA,98.7379837,NA,NA,90.98055267,NA,89.36637878,NA,NA,93.15783691,NA,91.32539368,NA,NA,3.837932629,3.814152115,3.759677231,3.014762911,-14.86783129,26155431238,27081834229,28774700048,30175827863,NA,NA,NA,NA,NA
169,Malawi,10.2,9.8,9.5,9.2,2.1,2,1.8,1.7,6.1,5.9,5.6,5.4,4.89,4.78,4.75,4.69,6.75,6.68,6.54,6.48,5.79,5.7,5.62,5.56,5.99,NA,NA,NA,NA,NA,NA,NA,NA,NA,NA,NA,NA,NA,NA,NA,2.484040626,4.000030517,4.420621465,5.721106077,0.8,17635609751,18333705241,19463709764,20767810911,4.009543,3.938853,3.868163,3.797473,3.726783
170,Malaysia,7.8,8.3,8.5,8.9,2.2,2.2,2.3,2.3,5.1,5.4,5.4,5.7,3.14,3.14,3.09,3.1,3.93,3.85,3.63,3.64,3.44,3.41,3.3,3.31,4.55,97.39067078,97.12167358,96.69582367,96.59851074,NA,93.36942291,93.55406952,93.50482941,93.64668274,NA,94.88057709,95.08264923,94.85440826,94.97113037,NA,4.449781398,5.81272241,4.769927024,4.302815982,-5.587744678,7.83874E+11,8.29297E+11,8.89715E+11,9.44564E+11,6.34644,6.4880633,6.6296866,6.7713099,6.9129332
172,Namibia,17.2,18.4,17,16.7,4.6,3.9,3.1,3.2,10.7,10.9,9.9,9.7,21.81,21.61,21.13,20.94,25.01,21.53,18.59,18.53,23.35,21.57,19.88,19.75,20.35,NA,NA,94.10936737,NA,NA,NA,NA,91.43643188,NA,NA,NA,NA,91.52726746,NA,NA,0.033794488,-1.027250823,1.108049093,-0.60608576,-7.983543825,24458367518,24147364523,24882583121,25191844525,NA,NA,NA,NA,NA
173,New Caledonia,NA,NA,NA,NA,NA,NA,NA,NA,NA,NA,NA,NA,13.91,14.1,14.3,14.39,16.12,16.31,16.51,16.71,14.92,15.11,15.31,15.45,16.52,NA,NA,NA,NA,NA,NA,NA,NA,NA,NA,NA,NA,NA,NA,NA,NA,NA,NA,NA,NA,NA,NA,NA,NA,NA,NA,NA,NA,NA
174,Niger,7.3,7.2,7.2,7.2,3.3,3.3,3.3,3.3,5.3,5.3,5.3,5.3,0.58,0.57,0.54,0.53,0.4,0.39,0.38,0.37,0.51,0.49,0.47,0.46,0.69,NA,NA,51.06999969,NA,NA,NA,NA,26.64999962,NA,NA,NA,NA,35.04999924,NA,NA,5.709274187,4.999097165,7.219172668,5.90279179,1.500005543,23875418393,25138435012,27600363813,29751347687,3.8628815,3.8713526,3.8798237,3.8882948,3.8967659
175,Nigeria,5.3,5.2,5.1,5,2,2,2,1.9,3.7,3.6,3.5,3.5,6.2,7.69,8.51,9.35,8.11,9.27,8.36,7.45,7.06,8.39,8.45,8.53,9.01,NA,NA,81.5806427,NA,NA,NA,NA,52.65647888,NA,NA,NA,NA,62.01601028,NA,NA,-1.61686895,0.80588662,1.922757342,2.208429277,-1.794253082,9.73442E+11,9.907E+11,1.03399E+12,1.07569E+12,4.2769095,4.0452052,3.8135009,3.5817966,3.3500923
176,Nicaragua,7,6.8,7,6.9,1.8,2.1,2.2,1.9,4.4,4.4,4.5,4.4,3.66,3.18,5.16,5.12,4.27,3.49,5.26,5.16,3.9,3.3,5.2,5.14,5.82,NA,NA,NA,NA,NA,NA,NA,NA,NA,NA,NA,NA,NA,NA,NA,4.562313014,4.631383681,-3.363705717,-3.674259061,-1.977329393,35895147406,38334779853,38047461849,36926926970,6.3377435,6.5308748,6.7240061,6.9171374,7.1102687
177,Netherlands,15.8,16.1,14.3,15.5,8,8.1,8.5,8.3,11.9,12.1,11.4,11.8,5.58,4.48,3.72,3.4,6.51,5.26,3.96,3.36,6.01,4.84,3.83,3.38,4.09,NA,NA,NA,NA,NA,NA,NA,NA,NA,NA,NA,NA,NA,NA,NA,2.191713719,2.910902513,2.360915095,1.955588416,-3.798635993,8.90488E+11,9.4374E+11,9.9773E+11,1.03148E+12,7.249673,7.1972531,7.1448332,7.0924133,7.0399934
178,Norway,16.5,16.3,16,15.8,8.6,8,7.8,7.7,12.6,12.1,12,11.8,5.36,4.58,4.03,3.95,3.91,3.69,3.54,3.39,4.68,4.16,3.8,3.69,4.62,NA,NA,NA,NA,NA,NA,NA,NA,NA,NA,NA,NA,NA,NA,NA,1.071558977,2.323258407,1.118828827,0.851897614,-0.765860365,3.08522E+11,3.37994E+11,3.67896E+11,3.63543E+11,7.486531,7.6518449,7.8171588,7.9824727,8.1477866
179,Nepal,15.6,15.8,16.1,16.4,2.7,2.7,2.7,2.7,8.5,8.7,8.8,9,3.32,3.12,3.09,3,2.84,2.86,2.75,2.73,3.05,2.97,2.9,2.85,4.44,NA,NA,94.03427887,NA,NA,NA,NA,59.72443008,NA,NA,NA,NA,67.90843201,NA,NA,0.433113719,8.977279356,7.622376105,6.657055428,-2.088378695,70413965843,85624913440,95658354314,1.05644E+11,5.183322,5.3941234,5.6049248,5.8157262,6.0265276
180,Nauru,NA,NA,NA,NA,NA,NA,NA,NA,NA,NA,NA,NA,NA,NA,NA,NA,NA,NA,NA,NA,NA,NA,NA,NA,NA,NA,NA,NA,NA,NA,NA,NA,NA,NA,NA,NA,NA,NA,NA,NA,3.571428571,-5.747126437,6.097560976,0,NA,142922030.9,137240725.2,149105108.2,151766860.3,NA,NA,NA,NA,NA
181,New Zealand,18.2,19.1,16.9,16.5,6.3,6.6,6,5.8,12.2,12.7,11.4,11,4.74,4.25,4.15,3.79,5.46,5.21,4.47,4.38,5.08,4.7,4.3,4.07,4.55,NA,NA,NA,NA,NA,NA,NA,NA,NA,NA,NA,NA,NA,NA,NA,3.730079893,3.613281553,3.20574788,1.633932613,0.980965093,1.88356E+11,2.03545E+11,2.15288E+11,2.24433E+11,7.446252,7.4993733,7.5524946,7.6056159,7.6587372
183,Oman,6.6,6.6,6.6,6.8,1.1,1.1,1,1,4.7,4.7,4.7,4.9,1.75,1.24,0.81,0.83,13.3,10.11,7.19,7.37,3.27,2.49,1.8,1.84,4.97,98.5147934,98.46439362,98.35662842,NA,NA,90.94416046,92.2256012,92.69399261,NA,NA,94.89998627,95.5759964,95.6515274,NA,NA,5.097067605,0.346322041,0.919398934,-0.825239185,NA,1.29565E+11,1.35697E+11,1.40208E+11,1.41533E+11,NA,NA,NA,NA,NA
185,Pakistan,13.4,13.5,13.2,13.3,4.5,4.5,4.4,4.3,9.1,9.1,8.9,8.9,3.25,3.61,3.96,3.89,5.77,5.2,4.56,4.32,3.78,3.94,4.08,3.98,4.65,NA,81.26351929,79.78309631,79.72924805,NA,NA,46.46767044,45.39839935,46.49003983,NA,NA,59.13204956,57.01057053,57.99885941,NA,5.526735845,5.554277437,5.836417498,0.98882944,0.525527439,8.98016E+11,9.50382E+11,1.03E+12,1.05875E+12,4.9752415,4.912488,4.8497345,4.786981,4.7242275
186,Panama,5.5,5.4,4.8,4.7,1,0.9,1,1,3.3,3.2,2.9,2.9,2.91,3.11,3.15,3.99,3.94,5.12,4.99,5.82,3.32,3.9,3.89,4.74,10.23,NA,NA,99.31220245,98.90381622,NA,NA,NA,94.8817215,95.35887909,NA,NA,NA,95.41181183,95.73607635,NA,4.953211423,5.591148876,3.598112758,3.039750211,-17.94933167,1.12346E+11,1.25071E+11,1.33056E+11,1.39146E+11,6.4912175,6.3914008,6.2915841,6.1917674,6.0919507
187,Peru,3.9,4.1,4.1,4.2,1.4,1.4,1.4,1.4,2.6,2.7,2.8,2.8,3.29,3.27,3.01,2.82,3.49,3.45,3.38,3.28,3.38,3.35,3.18,3.03,6.24,99.08886719,99.25598145,99.07920074,NA,99.51777649,91.18852997,91.27012634,91.70310974,NA,92.01902771,94.17366791,94.14961243,94.40827179,NA,94.49793243,3.953318715,2.518835442,3.96915687,2.203974749,-11.14881188,3.71526E+11,3.93259E+11,4.17688E+11,4.32458E+11,5.5978925,5.5320302,5.4661679,5.4003056,5.3344433
188,Philippines,3.4,3.3,3.2,3.1,1.1,1.1,1.1,1.2,2.2,2.2,2.2,2.2,2.65,2.46,2.13,2.05,2.76,2.7,2.68,2.53,2.69,2.55,2.34,2.24,3.36,NA,NA,NA,97.89730835,NA,NA,NA,NA,96.85243225,NA,NA,NA,NA,96.27816772,NA,7.14945675,6.930988326,6.341485571,6.118525663,-9.573029875,7.98601E+11,8.54095E+11,9.30065E+11,1.00452E+12,5.7027815,5.9000012,6.0972209,6.2944406,6.4916603
189,Palau,NA,NA,NA,NA,NA,NA,NA,NA,NA,NA,NA,NA,NA,NA,NA,NA,NA,NA,NA,NA,NA,NA,NA,NA,NA,NA,NA,NA,NA,NA,NA,NA,NA,NA,NA,NA,NA,NA,NA,NA,-0.08336373,-1.916360453,4.058885124,-4.247302016,NA,317700009.1,317470243.8,338287781.4,329702158.6,NA,NA,NA,NA,NA
190,Papua New Guinea,4.3,4.1,4.2,4.3,1.6,1.5,1.5,1.6,3,2.8,2.9,3,3.6,3.54,3.49,3.4,1.4,1.34,1.27,1.29,2.53,2.47,2.41,2.37,2.74,NA,NA,NA,NA,NA,NA,NA,NA,NA,NA,NA,NA,NA,NA,NA,5.489573153,3.534610818,-0.279252285,5.859794197,-3.878818537,34283191407,36162298294,36927139607,39788827465,NA,NA,NA,NA,NA
191,Poland,25,23.8,22.8,20.1,3.4,3.4,3.1,3.1,13.8,13.3,12.7,11.3,6.11,4.87,3.84,3.02,6.23,4.91,3.85,3.6,6.16,4.89,3.85,3.28,3.55,NA,NA,NA,NA,NA,NA,NA,NA,NA,NA,NA,NA,NA,NA,NA,3.141731229,4.83065457,5.353704746,4.540919514,-2.701709195,1.07539E+12,1.14169E+12,1.21438E+12,1.29659E+12,5.944197,5.983939,6.023681,6.063423,6.103165
193,Puerto Rico,NA,NA,NA,NA,NA,NA,NA,NA,NA,NA,NA,NA,13.53,12.56,10.97,10.07,9.46,8.45,6.86,6.02,11.8,10.8,9.2,8.3,11.17,NA,92.38995361,NA,NA,NA,NA,92.39002228,NA,NA,NA,NA,92.38999939,NA,NA,NA,-1.263002925,-2.885954759,-4.147474747,1.484814635,-3.903305193,1.17009E+11,1.14269E+11,1.12221E+11,1.15939E+11,NA,NA,NA,NA,NA
194,"Korea, Dem. People's Rep.",12.3,11.6,11,11.2,8.5,8,7.6,7.6,10.4,9.8,9.3,9.4,3.16,3.12,3.02,2.97,2.39,2.28,2.26,2.23,2.79,2.72,2.66,2.62,2.81,NA,NA,NA,NA,NA,NA,NA,NA,NA,NA,NA,NA,NA,NA,NA,NA,NA,NA,NA,NA,NA,NA,NA,NA,NA,NA,NA,NA,NA
195,Portugal,18.2,18.6,17.8,17.9,5.2,6,6.3,5.7,11.4,12,11.7,11.5,10.97,8.41,6.57,5.8,11.17,9.35,7.44,7.15,11.07,8.87,6.99,6.46,7.2,NA,NA,99.62657166,NA,NA,NA,NA,95.0725174,NA,NA,NA,NA,96.1375885,NA,NA,2.019485396,3.506345285,2.849326461,2.488958606,-7.572777766,3.26364E+11,3.4037E+11,3.59232E+11,3.78124E+11,5.147341,5.1703346,5.1933282,5.2163218,5.2393154
196,Paraguay,7.7,8.6,8.6,8.7,2.8,3.4,3.2,3.2,5.3,6.1,6,6,4.29,4.08,4.72,5.4,6.75,5.44,6.8,8.34,5.26,4.62,5.56,6.6,7.61,98.20767975,NA,97.73242188,98.03513336,98.63162231,93.83505249,NA,93.53170776,92.6553421,94.18141174,94.65023804,NA,94.02079773,93.21353149,94.54454803,4.268025833,4.810078856,3.204250341,-0.401855101,-1,81537571247,86486123430,91734552042,93212654602,5.209016,5.0491559,4.8892958,4.7294357,4.5695756
200,French Polynesia,NA,NA,NA,NA,NA,NA,NA,NA,NA,NA,NA,NA,11.51,11.61,11.74,11.82,13.17,13.44,13.7,13.91,12.23,12.4,12.59,12.72,13.81,NA,NA,NA,NA,NA,NA,NA,NA,NA,NA,NA,NA,NA,NA,NA,NA,NA,NA,NA,NA,NA,NA,NA,NA,NA,NA,NA,NA,NA
201,Qatar,7.4,7.1,7.1,7.2,1.8,1.8,1.7,1.7,6.1,5.8,5.8,5.8,0.06,0.06,0.05,0.07,0.72,0.64,0.48,0.42,0.15,0.14,0.11,0.12,3.45,94.80638123,94.06990051,NA,NA,NA,94.20703888,94.7115097,NA,NA,NA,93.14530182,93.46396637,NA,NA,NA,3.064191883,-1.49760469,1.234872192,0.774808391,-3.667835526,2.20585E+11,2.49963E+11,2.59125E+11,2.65795E+11,5.6323355,5.5582269,5.4841183,5.4100097,5.3359011
202,Romania,17.5,17.1,17.5,16.5,3.2,3.5,3.3,3.3,10.2,10.1,10.2,9.7,6.59,5.6,4.72,4.31,4.98,4.04,3.49,3.38,5.9,4.93,4.19,3.91,4.84,NA,NA,99.41938019,NA,NA,NA,NA,98.59976959,NA,NA,NA,NA,98.84449768,NA,NA,4.702997747,7.319448529,4.474523775,4.127450998,-3.859373593,4.78201E+11,5.31675E+11,5.6959E+11,6.26657E+11,6.0575,6.3052157,6.5529314,6.8006471,7.0483628
203,Russian Federation,54.4,49.3,47.2,43.6,10.7,10,9.7,9.1,31,28.2,27.1,25.1,5.76,5.36,4.91,4.76,5.35,5.05,4.78,4.42,5.56,5.21,4.85,4.6,5.73,NA,NA,99.64997101,NA,NA,NA,NA,99.73410797,NA,NA,NA,NA,99.73005676,NA,NA,0.193690072,1.825790064,2.80724541,2.032982739,-2.951273899,3.53898E+12,3.8071E+12,4.2425E+12,4.31544E+12,NA,NA,NA,NA,NA
204,Rwanda,8.2,8.2,8.2,8.2,3.2,3.1,3,3,5.7,5.6,5.6,5.6,1.06,1.02,0.98,0.95,1.17,1.11,1.06,1.02,1.11,1.06,1.02,0.99,1.35,NA,NA,84.32592773,NA,NA,NA,NA,69.39453888,NA,NA,NA,NA,73.21559143,NA,NA,5.970744298,3.976289694,8.579424541,9.460682482,-3.355472122,21982225589,23665375199,26300862198,29311790493,3.614424,3.6723713,3.7303186,3.7882659,3.8462132
206,Saudi Arabia,9.5,9.3,9.1,8.9,2.2,2.1,2,2,6.3,6.2,6.1,6,2.52,3.07,2.93,2.97,21.17,20.33,22.49,22.97,5.65,5.89,6.04,6.13,8.22,NA,99.32151794,NA,NA,99.54517365,NA,92.7071991,NA,NA,96.04924774,NA,95.32862854,NA,NA,97.58506775,1.670624758,-0.741502653,2.434110781,0.331435729,-4.106583412,1.47567E+12,1.56589E+12,1.64252E+12,1.67738E+12,6.2865015,6.2495659,6.2126303,6.1756947,6.1387591
207,Sudan,4.9,4.9,4.9,4.9,2.8,2.8,2.8,2.8,3.9,3.8,3.9,3.8,11.79,11.66,11.56,11.44,29.83,29.47,29.05,28.82,17.19,17.02,16.87,16.76,17.71,NA,NA,72.51000214,NA,NA,NA,NA,56.06322861,NA,NA,NA,NA,60.6971817,NA,NA,3.574763158,4.674112518,2.817443643,-1.32642451,-1.5621618,1.75957E+11,1.76647E+11,1.78458E+11,1.76718E+11,4.405694,4.4014243,4.3971546,4.3928849,4.3886152
208,Senegal,9.5,9.3,9.2,9.2,3.2,3.2,3.1,3,6.3,6.2,6.1,6,6.34,6.23,6.15,6.09,7.25,7.18,7.09,7.02,6.7,6.61,6.53,6.47,7.1,NA,75.57640839,NA,NA,NA,NA,39.7985611,NA,NA,NA,NA,51.90042114,NA,NA,NA,6.356068572,7.407486186,6.209241034,4.402406836,0.870408532,46119109742,49402166473,54006755965,57762255430,4.980021,5.3392412,5.6984614,6.0576816,6.4169018
209,Singapore,11.5,11.5,12.6,15,6.4,6.2,6,7.1,9.1,9,9.4,11.2,3.79,4.03,3.55,3.06,4.49,4.44,3.79,3.16,4.08,4.2,3.65,3.1,5.19,99.91319275,99.92115784,99.91741943,99.91378784,NA,95.44789124,95.68946838,95.91941071,96.134758,NA,97.04956055,97.2022171,97.34485626,97.47958374,NA,3.329034458,4.520379476,3.497469601,1.345217486,-5.391021406,5.01213E+11,5.32833E+11,5.62975E+11,5.81403E+11,NA,NA,NA,NA,NA
210,Solomon Islands,27.8,27.8,27.7,27,1.9,1.9,1.9,1.9,15.1,15.1,15,14.7,0.63,0.61,0.6,0.59,0.68,0.66,0.64,0.62,0.66,0.64,0.62,0.6,0.79,NA,NA,NA,NA,NA,NA,NA,NA,NA,NA,NA,NA,NA,NA,NA,5.879864636,5.343587695,3.94424955,1.204049986,-4.317260027,1578718248,1694345445,1825639722,1881062018,NA,NA,NA,NA,NA
211,Sierra Leone,7.8,7.9,8.2,8.3,4.5,4.7,4.9,5.1,6.2,6.3,6.6,6.7,5.32,5.26,5.2,5.14,3.84,3.72,3.63,3.58,4.59,4.5,4.42,4.36,4.6,NA,NA,70.57611084,NA,NA,NA,NA,34.85203171,NA,NA,NA,NA,43.20632935,NA,NA,6.055474029,4.211182649,3.446162621,5.600483383,-2.162497231,11701373302,12300546132,13029954428,14005326265,NA,NA,NA,NA,NA
212,El Salvador,9.6,10.5,10.4,10.5,2.3,2.3,2.2,2.1,5.7,6.1,6,6.1,4.83,4.66,4.19,4.15,3.85,4.01,3.75,3.7,4.42,4.39,4.01,3.96,6.98,97.72319794,97.79969788,97.72744751,97.97557068,NA,86.32642365,86.67363739,87.23413849,87.31858826,NA,88.14176941,88.48271179,89.00859833,89.13791656,NA,2.541545026,2.252358774,2.412371287,2.635146667,-7.943984613,51094653386,54005555165,56846461429,59443576558,5.9795725,5.9579561,5.9363397,5.9147233,5.8931069
213,San Marino,NA,NA,NA,NA,NA,NA,NA,NA,NA,NA,NA,NA,NA,NA,NA,NA,NA,NA,NA,NA,NA,NA,NA,NA,NA,NA,NA,NA,NA,NA,NA,NA,NA,NA,NA,NA,NA,NA,NA,NA,2.344405861,0.258265466,1.544761129,2.374701565,NA,1924933740,1982111207,2061055360,NA,NA,NA,NA,NA,NA
214,Somalia,12,12.1,12.1,12,3.9,3.9,3.8,3.8,7.9,8,8,7.9,13.05,12.91,12.78,12.68,13.56,13.4,13.27,13.18,13.17,13.02,12.89,12.79,13.1,NA,NA,NA,NA,NA,NA,NA,NA,NA,NA,NA,NA,NA,NA,NA,2.886948083,1.391181325,2.790697674,2.895927602,-1.495162709,NA,NA,NA,NA,5.5891245,5.6333622,5.6775999,5.7218376,5.7660753
215,Serbia,22.2,0.4,16.6,16.6,8.4,0.8,6.2,6.3,15.2,0.6,11.3,11.4,14.59,12.84,11.96,9.85,16.1,14.27,13.7,11.08,15.26,13.48,12.73,10.4,9.08,99.71523285,NA,NA,99.99945831,NA,98.22827911,NA,NA,99.11560822,NA,98.84150696,NA,NA,99.48252869,NA,3.338586765,2.101163847,4.495121293,4.24851344,-0.979714616,1.11931E+11,1.16624E+11,1.23844E+11,1.31472E+11,5.2967885,5.3468263,5.3968641,5.4469019,5.4969397
217,South Sudan,5.4,5.3,5.6,5.7,2,2,2,2,3.7,3.7,3.8,3.9,11.08,11.01,10.94,10.89,13.7,13.49,13.31,13.16,12.37,12.23,12.1,12.01,12.66,NA,NA,48.42514038,NA,NA,NA,NA,28.86425972,NA,NA,NA,NA,34.52275848,NA,NA,NA,NA,NA,NA,NA,NA,NA,NA,NA,NA,NA,NA,NA,NA
220,Sao Tome and Principe,2.1,2.2,2.2,2.2,0.8,0.8,0.8,0.8,1.5,1.5,1.5,1.5,9.05,8.94,8.89,8.81,21.15,20.95,20.66,20.51,13.39,13.26,13.14,13.05,13.86,NA,NA,97.71246338,NA,NA,NA,NA,89.51573181,NA,NA,NA,NA,92.81664276,NA,NA,4.164768974,3.848980918,2.945268909,2.210855833,3.089725555,790433675.9,818599653.5,862942906.9,879305275.4,NA,NA,NA,NA,NA
221,Suriname,37.1,37.2,38.9,38.8,11.6,11.6,11.9,11.8,24.4,24.5,25.5,25.4,4.46,4.32,4.24,4.2,11.56,11.54,11.41,11.33,7.17,7.08,7,6.94,8.65,NA,NA,98.8754425,NA,NA,NA,NA,92.71205902,NA,NA,NA,NA,94.38327026,NA,NA,-4.915786469,1.567191065,4.948270766,1.098467778,-14.5,8025092594,9340573047,9718682670,10103411430,3.5463,3.0263939,2.5064878,1.9865817,1.4666756
223,Slovenia,30.6,33.4,27.8,31.4,7.6,8.6,7.9,8.3,19,20.9,17.8,19.8,7.49,5.77,4.6,4.01,8.59,7.48,5.7,4.95,8,6.56,5.11,4.45,5.17,NA,NA,NA,NA,NA,NA,NA,NA,NA,NA,NA,NA,NA,NA,NA,3.191852518,4.815380632,4.422521568,3.250531336,-4.229261389,70079356305,75434893335,80706916364,86028601802,5.548394,5.4220699,5.2957458,5.1694217,5.0430976
224,Sweden,19.6,20.5,20.2,19.9,9.6,9.6,9.6,9.5,14.6,15,14.9,14.7,7.36,6.97,6.48,6.72,6.59,6.44,6.24,6.96,6.99,6.72,6.37,6.83,8.45,NA,NA,NA,NA,NA,NA,NA,NA,NA,NA,NA,NA,NA,NA,NA,2.070593151,2.567924525,1.950022846,1.986195874,-2.795335142,5.00424E+11,5.22477E+11,5.44916E+11,5.6562E+11,7.128422,7.0275679,6.9267138,6.8258597,6.7250056
225,Eswatini,60.7,57.3,54.1,55.1,6.7,5,4.2,4.7,32.8,30.4,28.5,29.4,21.07,20.87,20.69,20.65,24.46,24.32,24.17,23.97,22.72,22.54,22.37,22.24,23.4,NA,NA,94.29769135,NA,NA,NA,NA,88.54268646,NA,NA,NA,NA,88.41938019,NA,NA,1.100718394,2.026570236,2.371609694,2.243919525,-1.637027507,9698248002,9457434168,9914184044,10317604925,NA,NA,NA,NA,NA
226,Sint Maarten (Dutch part),NA,NA,NA,NA,NA,NA,NA,NA,NA,NA,NA,NA,NA,NA,NA,NA,NA,NA,NA,NA,NA,NA,NA,NA,NA,NA,NA,NA,NA,NA,NA,NA,NA,NA,NA,NA,NA,NA,NA,NA,0.5,-5.8,-6.6,NA,NA,1528016144,1538327625,1471295251,NA,NA,NA,NA,NA,NA
227,Seychelles,14.2,14.8,14.7,14.4,1.5,1.5,1.4,1.4,8,8.3,8.2,8.1,NA,NA,NA,NA,NA,NA,NA,NA,NA,NA,NA,NA,NA,NA,NA,98.55999756,NA,NA,NA,NA,96.35019684,NA,NA,NA,NA,95.8677063,NA,NA,4.562623278,4.821336987,1.327618768,1.552403379,-10.72048707,2431429643,2611017882,2709204577,3016432044,NA,NA,NA,NA,NA
229,Turks and Caicos Islands,NA,NA,NA,NA,NA,NA,NA,NA,NA,NA,NA,NA,NA,NA,NA,NA,NA,NA,NA,NA,NA,NA,NA,NA,NA,NA,NA,NA,NA,NA,NA,NA,NA,NA,NA,NA,NA,NA,NA,NA,7.25118055,-2.490218992,5.610956374,5.324551483,-26.80000429,963419197.3,1004380846,1086204293,1164462644,NA,NA,NA,NA,NA
230,Chad,9.8,9.9,9.8,9.6,3.5,3.6,3.4,3.3,6.7,6.7,6.6,6.4,2.05,1.99,1.98,1.95,1.71,1.77,1.79,1.85,1.89,1.89,1.89,1.91,2.26,40.69289017,NA,NA,NA,NA,13.95522976,NA,NA,NA,NA,22.31155014,NA,NA,NA,NA,-6.255527085,-2.988695986,2.3740378,3.247181917,-0.890209999,24238063014,23832085167,24983656077,26255399265,4.036279,4.118441,4.200603,4.282765,4.364927
233,Togo,14.3,14.1,13.7,13.8,4.3,4,3.9,3.9,9.3,9,8.7,8.8,3.59,4.64,4.55,4.48,2.25,2.77,2.71,2.67,2.95,3.74,3.66,3.6,4.05,NA,NA,NA,92.08283997,NA,NA,NA,NA,55.05149841,NA,NA,NA,NA,66.53707886,NA,5.559079306,4.347748238,4.9762131,5.459921448,1.752800749,10917574690,11674937853,12560136185,13592035499,NA,NA,NA,NA,NA
234,Thailand,14.2,14.1,14.8,15,3,3,3,2.9,8.5,8.4,8.8,8.8,0.67,0.82,0.78,0.7,0.71,0.85,0.74,0.73,0.69,0.83,0.77,0.72,1.02,NA,NA,97.69087982,NA,NA,NA,NA,92.42855835,NA,NA,NA,NA,93.76776123,NA,NA,3.435157717,4.177681032,4.189585496,2.266433672,-6.087220285,1.14622E+12,1.20567E+12,1.28628E+12,1.33741E+12,6.5443775,6.5902798,6.6361821,6.6820844,6.7279867
235,Tajikistan,5.5,5.4,5.6,5.7,3.1,3,2.9,2.8,4.3,4.2,4.2,4.3,7.8,7.68,7.59,7.53,5.43,5.36,5.26,5.17,6.9,6.81,6.72,6.66,7.5,NA,NA,NA,NA,NA,NA,NA,NA,NA,NA,NA,NA,NA,NA,NA,6.89999962,7.100001403,7.599999387,7.399999638,4.499999517,26832854442,27435856244,30836381601,34022228445,5.324004,5.5052594,5.6865148,5.8677702,6.0490256
236,Turkmenistan,9.5,9,8.8,8.8,3,2.8,2.7,2.7,6.2,5.8,5.7,5.7,5.05,4.98,4.91,4.86,2.15,2.11,2.07,2.04,3.9,3.84,3.79,3.74,4.38,NA,NA,NA,NA,NA,NA,NA,NA,NA,NA,NA,NA,NA,NA,NA,6.199999966,6.500000047,6.199999941,6.3,NA,78516288827,81787812382,88934765852,NA,5.953236,6.0910875,6.228939,6.3667905,6.504642
238,Timor-Leste,5.1,5.2,5.2,5.3,2,2,2,2,3.6,3.6,3.6,3.7,3.33,3.32,3.2,3.07,6.24,6.05,6.01,6.03,4.66,4.57,4.48,4.42,5.06,NA,NA,82.45848083,NA,NA,NA,NA,64.2109375,NA,NA,NA,NA,68.0668335,NA,NA,3.36489797,-4.103609745,-1.053902251,18.7235248,-8.702548486,3817071926,3910653345,3962343378,4788211424,NA,NA,NA,NA,NA
240,Tonga,5.4,5.4,5.2,5,2.9,2.9,2.8,2.6,4.1,4.2,4,3.8,2.28,2.47,2.65,2.56,3.54,3.59,3.66,3.65,2.8,2.93,3.07,3.01,4.37,NA,NA,99.34870911,NA,NA,NA,NA,99.47502899,NA,NA,NA,NA,99.41436768,NA,NA,6.571000501,3.322432544,0.300009404,0.734030017,NA,626665875.3,659659610.6,677524470.5,694681321.8,NA,NA,NA,NA,NA
243,Trinidad and Tobago,15.6,15.1,14.3,13.9,4.2,4.1,3.7,3.6,9.8,9.5,9,8.7,3.24,3.37,3.41,3.46,3.17,3.21,3.37,3.48,3.21,3.3,3.4,3.46,6.74,NA,NA,NA,NA,NA,NA,NA,NA,NA,NA,NA,NA,NA,NA,NA,-5.601818139,-2.987340197,0.066049775,-1.246427336,-7.831876497,36188728896,36605373316,37562117712,39270171100,NA,NA,NA,NA,NA
244,Tunisia,4.3,4.3,4.5,4.7,1.9,1.9,1.9,1.9,3.1,3.1,3.2,3.3,12.53,12.49,12.61,12.39,23.26,22.95,22.96,22.41,15.51,15.38,15.46,15.13,16.69,NA,NA,NA,NA,NA,NA,NA,NA,NA,NA,NA,NA,NA,NA,NA,1.249338582,1.918055729,2.663592389,1.043261757,-8.600310283,1.17101E+11,1.21255E+11,1.27473E+11,1.29768E+11,5.281644,5.4338673,5.5860906,5.7383139,5.8905372
245,Turkey,3.3,3.4,3.4,3.6,1.3,1.3,1.2,1.2,2.3,2.3,2.3,2.4,9.53,9.34,9.49,12.31,13.6,13.85,13.74,16.38,10.84,10.82,10.89,13.67,13.92,99.85978699,99.90791321,NA,99.96417236,NA,93.56301117,93.49826813,NA,94.42404175,NA,96.16732788,96.15052795,NA,96.74221039,NA,3.323084208,7.501997489,2.958966728,0.916534796,1.756650763,2.1164E+12,2.26427E+12,2.30083E+12,2.27917E+12,5.649824,5.7806024,5.9113808,6.0421592,6.1729376
246,Tuvalu,NA,NA,NA,NA,NA,NA,NA,NA,NA,NA,NA,NA,NA,NA,NA,NA,NA,NA,NA,NA,NA,NA,NA,NA,NA,NA,NA,NA,NA,NA,NA,NA,NA,NA,NA,NA,NA,NA,NA,NA,3.034723153,4.094017717,2.5,9.756097561,4.4,41759646.82,44286546.39,46483604.46,51929349.41,NA,NA,NA,NA,NA
247,Tanzania,6.4,6.4,6.4,6.6,2.1,2,1.9,2,4.2,4.2,4.2,4.3,1.55,1.52,1.47,1.46,2.64,2.58,2.55,2.5,2.08,2.03,1.99,1.96,2.16,NA,NA,NA,NA,NA,NA,NA,NA,NA,NA,NA,NA,NA,NA,NA,6.867116196,6.785680114,5.444967632,5.791371376,2.003858269,1.27683E+11,1.34275E+11,1.47522E+11,1.62196E+11,3.398788,3.2579864,3.1171848,2.9763832,2.8355816
248,Uganda,7.8,7.4,7.4,7.6,1.8,1.6,1.6,1.7,4.7,4.4,4.4,4.6,1.36,1.3,1.27,1.24,2.32,2.3,2.24,2.21,1.83,1.79,1.75,1.72,2.44,NA,NA,88.82689667,NA,NA,NA,NA,70.83805847,NA,NA,NA,NA,76.52749634,NA,NA,4.781000291,3.809129029,6.162619139,6.803326813,2.857581274,82608682790,85406362066,92846591595,1.00933E+11,3.9680275,3.9525962,3.9371649,3.9217336,3.9063023
249,Ukraine,38.5,37.2,39.8,39.2,6.6,6.3,6.5,6.5,21.4,20.6,21.9,21.6,10.84,11.09,10.03,8.5,7.69,7.75,7.43,7.85,9.35,9.51,8.8,8.19,9.48,NA,NA,NA,NA,NA,NA,NA,NA,NA,NA,NA,NA,NA,NA,NA,2.235067619,2.466035625,3.405295518,3.221483145,-4.020317714,4.75722E+11,5.0435E+11,5.34047E+11,5.6055E+11,3.598037,3.23695,2.875863,2.514776,2.153689
251,Uruguay,33.5,33.8,34.7,34.5,9.6,8.6,8.6,8.9,21.1,20.8,21.2,21.2,6.5,6.56,6.87,7.69,9.45,9.48,10.09,11.34,7.84,7.89,8.34,9.35,12.67,98.87310028,98.561409,98.60475159,98.73755646,NA,98.85031891,98.96391296,99.00773621,99.03526306,NA,98.56147003,98.61572266,98.70385742,98.7703476,NA,1.689798164,1.627753973,0.477907184,0.350447153,-5.858721243,70776165924,73285946717,75159904123,76067455306,6.683938,6.7491415,6.814345,6.8795485,6.944752
252,United States,23.5,24.9,24.3,25,7,7.1,7.2,7.5,15.1,15.9,15.7,16.1,4.94,4.4,3.95,3.72,4.79,4.31,3.84,3.61,4.87,4.36,3.9,3.67,8.31,NA,NA,NA,NA,NA,NA,NA,NA,NA,NA,NA,NA,NA,NA,NA,1.711426774,2.332679395,2.996464352,2.161176515,-3.486140408,1.8715E+13,1.95194E+13,2.05802E+13,2.14332E+13,6.9263905,6.8678894,6.8093883,6.7508872,6.6923861
253,Uzbekistan,12.6,12.3,12,11.3,5.7,5.3,5.1,4.8,9.1,8.8,8.6,8,5.32,5.96,5.82,5.75,5.02,5.56,5.55,5.49,5.2,5.8,5.71,5.65,5.97,99.99993134,NA,99.99993134,99.99992371,NA,99.97840881,NA,99.98587036,99.99994659,NA,99.98657227,NA,99.9928894,99.99994659,NA,6.094210239,4.46152609,5.446444862,5.79837496,1.647797102,2.05512E+11,2.11135E+11,2.2798E+11,2.46333E+11,5.987304,5.9841362,5.9809684,5.9778006,5.9746328
254,St. Vincent and the Grenadines,0.6,0,1.4,1.3,0.7,0,0.6,0.6,0.7,0,1,1,20.59,20.41,20.21,20.07,16.87,16.72,16.65,16.58,19.06,18.89,18.73,18.62,20.27,NA,NA,NA,NA,NA,NA,NA,NA,NA,NA,NA,NA,NA,NA,NA,1.897440944,1.000357879,2.163128944,0.494924137,-2.728124332,1363525741,1344833245,1406911371,1439114318,NA,NA,NA,NA,NA
256,British Virgin Islands,NA,NA,NA,NA,NA,NA,NA,NA,NA,NA,NA,NA,NA,NA,NA,NA,NA,NA,NA,NA,NA,NA,NA,NA,NA,NA,NA,NA,NA,NA,NA,NA,NA,NA,NA,NA,NA,NA,NA,NA,NA,NA,NA,NA,NA,NA,NA,NA,NA,NA,NA,NA,NA,NA
257,Virgin Islands (U.S.),NA,NA,NA,NA,NA,NA,NA,NA,NA,NA,NA,NA,7.16,7.29,7.45,7.47,8.25,8.4,8.54,8.74,7.69,7.84,7.99,8.09,11.84,NA,NA,NA,NA,NA,NA,NA,NA,NA,NA,NA,NA,NA,NA,NA,1.129761136,-0.606447494,1.509312781,NA,NA,NA,NA,NA,NA,NA,NA,NA,NA,NA
258,Vietnam,10.8,10.8,10.6,10.4,4.6,4.6,4.6,4.7,7.7,7.7,7.6,7.5,1.99,2.03,1.28,2.07,1.7,1.7,1.03,2.01,1.85,1.87,1.16,2.04,2.27,NA,NA,NA,98.70861816,NA,NA,NA,NA,94.56565857,NA,NA,NA,NA,95.7538681,NA,6.210811668,6.81224566,7.075788617,7.017434882,2.905835584,6.15496E+11,6.7691E+11,7.42209E+11,8.08472E+11,4.8514915,4.7202374,4.5889833,4.4577292,4.3264751
259,Vanuatu,28.3,28.5,28.4,28.1,7.5,7.5,7.6,7.6,18,18.1,18.1,18,2,1.95,1.92,1.9,1.51,1.49,1.45,1.42,1.79,1.75,1.72,1.69,1.95,NA,NA,95.97657013,NA,NA,NA,NA,86.70609283,NA,NA,NA,NA,87.50630951,NA,NA,4.688677823,6.315604199,2.900230273,3.264589732,-9.235328461,836707958.3,879860867.1,927116833.7,974474139.1,NA,NA,NA,NA,NA
261,Samoa,18.4,18.1,18.1,18,6.8,6.6,6.8,6.7,12.8,12.6,12.6,12.6,7.64,7.6,7.51,7.39,10.35,10.05,9.85,9.82,8.58,8.44,8.32,8.22,8.87,NA,NA,98.84150696,NA,NA,NA,NA,99.24504089,NA,NA,NA,NA,99.09577179,NA,NA,8.054160438,1.044879689,-2.063273066,3.580625558,-2.742567396,1230227308,1266084997,1268374457,1335852305,NA,NA,NA,NA,NA
262,Kosovo,NA,NA,NA,NA,NA,NA,NA,NA,NA,NA,NA,NA,NA,NA,NA,NA,NA,NA,NA,NA,NA,NA,NA,NA,NA,NA,NA,NA,NA,NA,NA,NA,NA,NA,NA,NA,NA,NA,NA,NA,4.070291293,4.226086496,3.813314743,4.941931623,-6.888013195,17885970979,18860124253,20049415931,21343080213,4.7578545,4.4766781,4.1955017,3.9143253,3.6331489
264,South Africa,39.2,40.8,39,37.6,10.1,10,9.7,9.8,24.4,25.2,24.1,23.5,24.54,25.2,25.14,26.78,28.99,29.26,29.05,30.5,26.54,27.04,26.91,28.47,28.74,NA,93.75608826,NA,97.98623657,NA,NA,86.45863342,NA,94.53317261,NA,NA,87.04666901,NA,95.02297211,NA,0.39908793,1.414512626,0.78705557,0.152583317,-6.959604452,7.07744E+11,7.24101E+11,7.47322E+11,7.61824E+11,4.73461,4.7774143,4.8202186,4.8630229,4.9058272
265,Zambia,13.5,13.6,13.2,12,3.6,3.5,3.1,2.7,8.5,8.5,8.1,7.3,10.21,10.75,10.85,10.81,11.61,12.57,13.24,13.09,10.88,11.63,12.01,11.91,12.17,NA,NA,92.55963898,NA,NA,NA,NA,83.08344269,NA,NA,NA,NA,86.74796295,NA,NA,3.776679146,3.504336096,4.034378235,1.441784548,-3.016188903,55712209199,58735190956,62571905201,64607165371,4.509395,4.3685158,4.2276366,4.0867574,3.9458782
266,Zimbabwe,22.5,21,19.9,20,11.6,9.6,8.7,8.8,16.8,15,14,14.1,4.58,4.52,4.5,4.46,5.87,5.76,5.62,5.55,5.24,5.15,5.07,5.02,5.73,NA,NA,NA,NA,NA,NA,NA,NA,NA,NA,NA,NA,NA,NA,NA,0.755869251,4.699399849,3.497159535,-8.1,-8,39375709106,43112365756,30187384920,6021777733,3.317866,2.8917193,2.4655726,2.0394259,1.6132792
271,Iran,9.2,9,8.4,7.7,3.2,3,2.9,2.8,6.2,6,5.7,5.2,10.5,10.18,10.38,9.46,20.76,19.87,18.96,18.12,12.43,12.1,12.06,11.14,10.96,98.26796722,NA,NA,NA,NA,80.78743744,NA,NA,NA,NA,85.54425049,NA,NA,NA,NA,13.39624262,3.755196452,-6.025971803,-6.78422367,1.66179376,1.11481E+12,1.17267E+12,1.12846E+12,1.07068E+12,4.786604,4.7831769,4.7797498,4.7763227,4.7728956
272,Kyrgyzstan,13.7,13.2,12.7,11.7,3.7,3.5,3.4,3.2,8.6,8.3,8,7.4,6.18,5.59,5.54,5.48,8.74,8.91,8.78,8.7,7.21,6.89,6.79,6.72,7.89,NA,NA,99.69000244,NA,NA,NA,NA,99.49971771,NA,NA,NA,NA,99.58599854,NA,NA,4.335855917,4.739937225,3.757910128,4.600625657,-8.616551018,28459201788,31280403475,33235152785,33723831615,4.9275795,4.8218331,4.7160867,4.6103403,4.5045939
273,Laos,7.7,7.9,7.9,7.6,3.4,3.4,3.3,3.2,5.6,5.6,5.6,5.4,0.73,0.71,0.7,0.68,0.62,0.59,0.57,0.56,0.67,0.65,0.64,0.62,0.95,NA,NA,NA,NA,NA,NA,NA,NA,NA,NA,NA,NA,NA,NA,NA,7.022836255,6.892530873,6.247960008,5.457735092,0.439513531,46849968684,50463792572,54904078195,58701372874,5.09343,5.0871939,5.0809578,5.0747217,5.0684856
274,Macedonia,13.8,13.8,13.9,13.9,4.7,4.8,4.8,4.8,9.3,9.3,9.4,9.4,24.36,22.74,21.3,16.48,22.73,21.82,19.87,18.39,23.72,22.38,20.74,17.26,18.4,NA,NA,NA,NA,99.02909851,NA,NA,NA,NA,97.60762024,NA,NA,NA,NA,98.36357117,2.848205194,1.081772738,2.88059671,3.17415085,-4.531995024,31373289894,32583086287,34726431290,36634232424,5.2576795,5.3602259,5.4627723,5.5653187,5.6678651
275,North Cyprus,NA,NA,NA,NA,NA,NA,NA,NA,NA,NA,NA,NA,NA,NA,NA,NA,NA,NA,NA,NA,NA,NA,NA,NA,NA,NA,NA,NA,NA,NA,NA,NA,NA,NA,NA,NA,NA,NA,NA,NA,NA,NA,NA,NA,NA,NA,NA,NA,NA,6.003887,6.1395781,6.2752692,6.4109603,6.5466514
276,Palestinian Territories,NA,NA,NA,NA,NA,NA,NA,NA,NA,NA,NA,NA,20.56,21.5,22.39,21.32,37.93,42.77,41.85,41.14,23.94,25.68,26.26,25.34,27.35,99.44656372,99.25569153,99.2922287,99.37024689,99.22022247,94.88633728,95.28157806,95.74188995,95.91488647,96.20166779,96.7191925,96.92440033,97.21861267,97.37825775,97.5144577,8.86461882,1.419367563,1.227077378,1.362687466,-11.45745151,27536200878,28518507331,29561577552,30366168203,4.732904,4.7352843,4.7376646,4.7400449,4.7424252
277,Russia,NA,NA,NA,NA,NA,NA,NA,NA,NA,NA,NA,NA,NA,NA,NA,NA,NA,NA,NA,NA,NA,NA,NA,NA,NA,NA,NA,NA,NA,NA,NA,NA,NA,NA,NA,NA,NA,NA,NA,NA,NA,NA,NA,NA,NA,NA,NA,NA,NA,6.2036595,6.3660803,6.5285011,6.6909219,6.8533427
278,Slovakia,21.7,21.6,21.4,21.2,3.4,3.4,3.4,3.4,12.3,12.3,12.2,12.1,8.77,7.9,6.13,5.59,10.75,8.41,7.03,5.96,9.67,8.13,6.54,5.75,6.79,NA,NA,NA,NA,NA,NA,NA,NA,NA,NA,NA,NA,NA,NA,NA,2.132727784,2.989520318,3.650123358,2.511588141,-4.754325341,1.61074E+11,1.63685E+11,1.71887E+11,1.77505E+11,6.275911,6.3714291,6.4669472,6.5624653,6.6579834
280,South Korea,NA,NA,NA,NA,NA,NA,NA,NA,NA,NA,NA,NA,NA,NA,NA,NA,NA,NA,NA,NA,NA,NA,NA,NA,NA,NA,NA,NA,NA,NA,NA,NA,NA,NA,NA,NA,NA,NA,NA,NA,NA,NA,NA,NA,NA,NA,NA,NA,NA,5.67923,5.5965587,5.5138874,5.4312161,5.3485448
281,Syria,2.6,2.9,3.2,3.2,0.7,0.7,0.7,0.7,1.6,1.8,1.9,2,6.03,5.92,5.81,5.71,20.73,20.54,20.41,20.37,8.44,8.33,8.23,8.16,9.03,NA,NA,NA,NA,NA,NA,NA,NA,NA,NA,NA,NA,NA,NA,NA,NA,NA,NA,NA,NA,NA,NA,NA,NA,5.6260695,6.1958212,6.7655729,7.3353246,7.9050763
282,Taiwan Province of China,NA,NA,NA,NA,NA,NA,NA,NA,NA,NA,NA,NA,NA,NA,NA,NA,NA,NA,NA,NA,NA,NA,NA,NA,NA,NA,NA,NA,NA,NA,NA,NA,NA,NA,NA,NA,NA,NA,NA,NA,NA,NA,NA,NA,NA,NA,NA,NA,NA,6.568878,6.6684446,6.7680112,6.8675778,6.9671444
283,Venezuela,3.6,3.6,3.6,3.5,0.8,0.7,0.7,0.7,2.2,2.2,2.2,2.1,6.96,6.9,6.78,6.83,8.05,7.93,7.92,7.72,7.39,7.3,7.22,7.16,9.14,98.44194031,NA,NA,NA,NA,97.21370697,NA,NA,NA,NA,97.12709045,NA,NA,NA,NA,NA,NA,NA,NA,NA,NA,NA,NA,NA,5.1035595,4.6125564,4.1215533,3.6305502,3.1395471
284,Yemen,7,6.8,7,7,4.4,4.4,4.7,4.6,5.7,5.6,5.9,5.8,12.26,12.11,11.95,11.85,25.34,25.27,25.33,25.25,13.31,13.15,13.01,12.9,13.42,NA,NA,NA,NA,NA,NA,NA,NA,NA,NA,NA,NA,NA,NA,NA,-9.375123818,-5.071795639,0.75244741,NA,NA,NA,NA,NA,NA,2.9363525,2.5880023,2.2396521,1.8913019,1.5429517
